date,time,sleep
20190825,23:59,1
20190825,0:00,1
20190825,0:01,1
20190825,0:02,1
20190825,0:03,1
20190825,0:04,1
20190825,0:05,1
20190825,0:06,1
20190825,0:07,1
20190825,0:08,1
20190825,0:09,1
20190825,0:10,2
20190825,0:11,2
20190825,0:12,2
20190825,0:13,2
20190825,0:14,2
20190825,0:15,2
20190825,0:16,2
20190825,0:17,2
20190825,0:18,2
20190825,0:19,2
20190825,0:20,2
20190825,0:21,2
20190825,0:22,2
20190825,0:23,2
20190825,0:24,2
20190825,0:25,2
20190825,0:26,2
20190825,0:27,2
20190825,0:28,1
20190825,0:29,1
20190825,0:30,1
20190825,0:31,1
20190825,0:32,1
20190825,0:33,1
20190825,0:34,1
20190825,0:35,1
20190825,0:36,1
20190825,0:37,1
20190825,0:38,2
20190825,0:39,2
20190825,0:40,2
20190825,0:41,2
20190825,0:42,2
20190825,0:43,2
20190825,0:44,2
20190825,0:45,2
20190825,0:46,2
20190825,0:47,2
20190825,0:48,2
20190825,0:49,2
20190825,0:50,2
20190825,0:51,2
20190825,0:52,2
20190825,0:53,2
20190825,0:54,2
20190825,0:55,2
20190825,0:56,1
20190825,0:57,1
20190825,0:58,1
20190825,0:59,1
20190825,1:00,1
20190825,1:01,1
20190825,1:02,1
20190825,1:03,1
20190825,1:04,1
20190825,1:05,1
20190825,1:06,1
20190825,1:07,1
20190825,1:08,1
20190825,1:09,1
20190825,1:10,1
20190825,1:11,1
20190825,1:12,1
20190825,1:13,1
20190825,1:14,1
20190825,1:15,1
20190825,1:16,0
20190825,1:17,0
20190825,1:18,0
20190825,1:19,0
20190825,1:20,0
20190825,1:21,0
20190825,1:22,0
20190825,1:23,0
20190825,1:24,0
20190825,1:25,0
20190825,1:26,0
20190825,1:27,0
20190825,1:28,0
20190825,1:29,0
20190825,1:30,0
20190825,1:31,0
20190825,1:32,0
20190825,1:33,0
20190825,1:34,0
20190825,1:35,0
20190825,1:36,0
20190825,1:37,0
20190825,1:38,0
20190825,1:39,0
20190825,1:40,0
20190825,1:41,0
20190825,1:42,0
20190825,1:43,0
20190825,1:44,0
20190825,1:45,0
20190825,1:46,0
20190825,1:47,0
20190825,1:48,0
20190825,1:49,0
20190825,1:50,0
20190825,1:51,1
20190825,1:52,1
20190825,1:53,1
20190825,1:54,1
20190825,1:55,1
20190825,1:56,1
20190825,1:57,1
20190825,1:58,1
20190825,1:59,1
20190825,2:00,1
20190825,2:01,1
20190825,2:02,1
20190825,2:03,1
20190825,2:04,1
20190825,2:05,1
20190825,2:06,1
20190825,2:07,1
20190825,2:08,1
20190825,2:09,1
20190825,2:10,1
20190825,2:11,1
20190825,2:12,1
20190825,2:13,1
20190825,2:14,1
20190825,2:15,1
20190825,2:16,1
20190825,2:17,1
20190825,2:18,1
20190825,2:19,1
20190825,2:20,1
20190825,2:21,1
20190825,2:22,1
20190825,2:23,1
20190825,2:24,1
20190825,2:25,1
20190825,2:26,1
20190825,2:27,1
20190825,2:28,1
20190825,2:29,1
20190825,2:30,1
20190825,2:31,1
20190825,2:32,1
20190825,2:33,1
20190825,2:34,1
20190825,2:35,1
20190825,2:36,1
20190825,2:37,1
20190825,2:38,1
20190825,2:39,1
20190825,2:40,1
20190825,2:41,1
20190825,2:42,1
20190825,2:43,1
20190825,2:44,1
20190825,2:45,1
20190825,2:46,1
20190825,2:47,1
20190825,2:48,1
20190825,2:49,1
20190825,2:50,1
20190825,2:51,1
20190825,2:52,1
20190825,2:53,1
20190825,2:54,0
20190825,2:55,0
20190825,2:56,0
20190825,2:57,0
20190825,2:58,0
20190825,2:59,0
20190825,3:00,0
20190825,3:01,0
20190825,3:02,0
20190825,3:03,0
20190825,3:04,0
20190825,3:05,0
20190825,3:06,0
20190825,3:07,0
20190825,3:08,0
20190825,3:09,0
20190825,3:10,0
20190825,3:11,0
20190825,3:12,0
20190825,3:13,0
20190825,3:14,0
20190825,3:15,0
20190825,3:16,0
20190825,3:17,0
20190825,3:18,0
20190825,3:19,0
20190825,3:20,0
20190825,3:21,0
20190825,3:22,0
20190825,3:23,0
20190825,3:24,1
20190825,3:25,1
20190825,3:26,1
20190825,3:27,1
20190825,3:28,1
20190825,3:29,1
20190825,3:30,1
20190825,3:31,1
20190825,3:32,1
20190825,3:33,1
20190825,3:34,1
20190825,3:35,1
20190825,3:36,1
20190825,3:37,2
20190825,3:38,2
20190825,3:39,2
20190825,3:40,2
20190825,3:41,2
20190825,3:42,2
20190825,3:43,2
20190825,3:44,2
20190825,3:45,2
20190825,3:46,2
20190825,3:47,2
20190825,3:48,2
20190825,3:49,2
20190825,3:50,2
20190825,3:51,2
20190825,3:52,2
20190825,3:53,2
20190825,3:54,2
20190825,3:55,2
20190825,3:56,1
20190825,3:57,1
20190825,3:58,1
20190825,3:59,1
20190825,4:00,1
20190825,4:01,1
20190825,4:02,1
20190825,4:03,1
20190825,4:04,1
20190825,4:05,1
20190825,4:06,2
20190825,4:07,2
20190825,4:08,2
20190825,4:09,2
20190825,4:10,2
20190825,4:11,2
20190825,4:12,2
20190825,4:13,2
20190825,4:14,2
20190825,4:15,2
20190825,4:16,2
20190825,4:17,2
20190825,4:18,2
20190825,4:19,2
20190825,4:20,2
20190825,4:21,2
20190825,4:22,2
20190825,4:23,2
20190825,4:24,1
20190825,4:25,1
20190825,4:26,1
20190825,4:27,1
20190825,4:28,1
20190825,4:29,1
20190825,4:30,1
20190825,4:31,1
20190825,4:32,1
20190825,4:33,1
20190825,4:34,1
20190825,4:35,1
20190825,4:36,1
20190825,4:37,1
20190825,4:38,1
20190825,4:39,1
20190825,4:40,1
20190825,4:41,1
20190825,4:42,1
20190825,4:43,1
20190825,4:44,1
20190825,4:45,1
20190825,4:46,1
20190825,4:47,1
20190825,4:48,1
20190825,4:49,1
20190825,4:50,1
20190825,4:51,2
20190825,4:52,2
20190825,4:53,2
20190825,4:54,2
20190825,4:55,2
20190825,4:56,2
20190825,4:57,2
20190825,4:58,2
20190825,4:59,2
20190825,5:00,2
20190825,5:01,2
20190825,5:02,2
20190825,5:03,2
20190825,5:04,1
20190825,5:05,1
20190825,5:06,1
20190825,5:07,1
20190825,5:08,1
20190825,5:09,1
20190825,5:10,1
20190825,5:11,1
20190825,5:12,1
20190825,5:13,1
20190825,5:14,1
20190825,5:15,1
20190825,5:16,1
20190825,5:17,1
20190825,5:18,1
20190825,5:19,1
20190825,5:20,1
20190825,5:21,1
20190825,5:22,1
20190825,5:23,1
20190825,5:24,1
20190825,5:25,1
20190825,5:26,1
20190825,5:27,1
20190825,5:28,1
20190825,5:29,1
20190825,5:30,1
20190825,5:31,1
20190825,5:32,1
20190825,5:33,1
20190825,5:34,1
20190825,5:35,1
20190825,5:36,1
20190825,5:37,1
20190825,5:38,1
20190825,5:39,1
20190825,5:40,1
20190825,5:41,1
20190825,5:42,1
20190825,5:43,1
20190825,5:44,1
20190825,5:45,1
20190825,5:46,1
20190825,5:47,1
20190825,5:48,1
20190825,5:49,1
20190825,5:50,1
20190825,5:51,1
20190825,5:52,1
20190825,5:53,1
20190825,5:54,1
20190825,5:55,1
20190825,5:56,1
20190825,5:57,1
20190825,5:58,1
20190825,5:59,1
20190825,6:00,1
20190825,6:01,1
20190825,6:02,1
20190826,1:00,1
20190826,1:01,1
20190826,1:02,1
20190826,1:03,1
20190826,1:04,1
20190826,1:05,1
20190826,1:06,1
20190826,1:07,1
20190826,1:08,1
20190826,1:09,1
20190826,1:10,1
20190826,1:11,1
20190826,1:12,1
20190826,1:13,1
20190826,1:14,1
20190826,1:15,1
20190826,1:16,1
20190826,1:17,1
20190826,1:18,1
20190826,1:19,1
20190826,1:20,1
20190826,1:21,1
20190826,1:22,1
20190826,1:23,1
20190826,1:24,1
20190826,1:25,1
20190826,1:26,1
20190826,1:27,2
20190826,1:28,2
20190826,1:29,2
20190826,1:30,2
20190826,1:31,2
20190826,1:32,2
20190826,1:33,2
20190826,1:34,2
20190826,1:35,2
20190826,1:36,2
20190826,1:37,2
20190826,1:38,2
20190826,1:39,2
20190826,1:40,2
20190826,1:41,2
20190826,1:42,2
20190826,1:43,2
20190826,1:44,2
20190826,1:45,2
20190826,1:46,2
20190826,1:47,2
20190826,1:48,2
20190826,1:49,1
20190826,1:50,1
20190826,1:51,1
20190826,1:52,1
20190826,1:53,1
20190826,1:54,1
20190826,1:55,1
20190826,1:56,1
20190826,1:57,1
20190826,1:58,1
20190826,1:59,1
20190826,2:00,1
20190826,2:01,1
20190826,2:02,1
20190826,2:03,1
20190826,2:04,1
20190826,2:05,1
20190826,2:06,1
20190826,2:07,1
20190826,2:08,1
20190826,2:09,1
20190826,2:10,1
20190826,2:11,1
20190826,2:12,1
20190826,2:13,1
20190826,2:14,2
20190826,2:15,2
20190826,2:16,2
20190826,2:17,2
20190826,2:18,2
20190826,2:19,2
20190826,2:20,2
20190826,2:21,2
20190826,2:22,2
20190826,2:23,2
20190826,2:24,2
20190826,2:25,2
20190826,2:26,2
20190826,2:27,2
20190826,2:28,2
20190826,2:29,2
20190826,2:30,2
20190826,2:31,2
20190826,2:32,2
20190826,2:33,2
20190826,2:34,2
20190826,2:35,2
20190826,2:36,2
20190826,2:37,2
20190826,2:38,2
20190826,2:39,2
20190826,2:40,2
20190826,2:41,2
20190826,2:42,1
20190826,2:43,1
20190826,2:44,1
20190826,2:45,1
20190826,2:46,1
20190826,2:47,1
20190826,2:48,1
20190826,2:49,1
20190826,2:50,1
20190826,2:51,1
20190826,2:52,1
20190826,2:53,2
20190826,2:54,2
20190826,2:55,2
20190826,2:56,2
20190826,2:57,2
20190826,2:58,2
20190826,2:59,2
20190826,3:00,2
20190826,3:01,2
20190826,3:02,2
20190826,3:03,1
20190826,3:04,1
20190826,3:05,1
20190826,3:06,1
20190826,3:07,1
20190826,3:08,1
20190826,3:09,1
20190826,3:10,1
20190826,3:11,1
20190826,3:12,1
20190826,3:13,1
20190826,3:14,1
20190826,3:15,1
20190826,3:16,1
20190826,3:17,1
20190826,3:18,1
20190826,3:19,1
20190826,3:20,1
20190826,3:21,1
20190826,3:22,1
20190826,3:23,1
20190826,3:24,1
20190826,3:25,1
20190826,3:26,1
20190826,3:27,1
20190826,3:28,1
20190826,3:29,1
20190826,3:30,1
20190826,3:31,1
20190826,3:32,1
20190826,3:33,1
20190826,3:34,1
20190826,3:35,1
20190826,3:36,1
20190826,3:37,1
20190826,3:38,1
20190826,3:39,1
20190826,3:40,1
20190826,3:41,1
20190826,3:42,1
20190826,3:43,1
20190826,3:44,1
20190826,3:45,1
20190826,3:46,1
20190826,3:47,1
20190826,3:48,1
20190826,3:49,1
20190826,3:50,1
20190826,3:51,1
20190826,3:52,1
20190826,3:53,1
20190826,3:54,1
20190826,3:55,1
20190826,3:56,1
20190826,3:57,1
20190826,3:58,1
20190826,3:59,1
20190826,4:00,1
20190826,4:01,1
20190826,4:02,1
20190826,4:03,1
20190826,4:04,1
20190826,4:05,1
20190826,4:06,2
20190826,4:07,2
20190826,4:08,2
20190826,4:09,2
20190826,4:10,2
20190826,4:11,2
20190826,4:12,2
20190826,4:13,2
20190826,4:14,2
20190826,4:15,2
20190826,4:16,1
20190826,4:17,1
20190826,4:18,1
20190826,4:19,1
20190826,4:20,1
20190826,4:21,1
20190826,4:22,1
20190826,4:23,1
20190826,4:24,1
20190826,4:25,1
20190826,4:26,1
20190826,4:27,1
20190826,4:28,1
20190826,4:29,2
20190826,4:30,2
20190826,4:31,2
20190826,4:32,2
20190826,4:33,2
20190826,4:34,2
20190826,4:35,2
20190826,4:36,2
20190826,4:37,2
20190826,4:38,2
20190826,4:39,1
20190826,4:40,1
20190826,4:41,1
20190826,4:42,1
20190826,4:43,1
20190826,4:44,1
20190826,4:45,1
20190826,4:46,1
20190826,4:47,1
20190826,4:48,1
20190826,4:49,1
20190826,4:50,2
20190826,4:51,2
20190826,4:52,2
20190826,4:53,2
20190826,4:54,2
20190826,4:55,2
20190826,4:56,2
20190826,4:57,2
20190826,4:58,2
20190826,4:59,2
20190826,5:00,2
20190826,5:01,2
20190826,5:02,2
20190826,5:03,2
20190826,5:04,2
20190826,5:05,2
20190826,5:06,2
20190826,5:07,2
20190826,5:08,2
20190826,5:09,2
20190826,5:10,2
20190826,5:11,2
20190826,5:12,1
20190826,5:13,1
20190826,5:14,1
20190826,5:15,1
20190826,5:16,1
20190826,5:17,1
20190826,5:18,1
20190826,5:19,1
20190826,5:20,1
20190826,5:21,1
20190826,5:22,1
20190826,5:23,1
20190826,5:24,1
20190826,5:25,1
20190826,5:26,1
20190826,5:27,1
20190826,5:28,1
20190826,5:29,1
20190826,5:30,1
20190826,5:31,1
20190826,5:32,1
20190826,5:33,1
20190826,5:34,1
20190826,5:35,1
20190826,5:36,1
20190826,5:37,1
20190826,5:38,1
20190826,5:39,1
20190826,5:40,1
20190826,5:41,1
20190826,5:42,1
20190826,5:43,1
20190826,5:44,1
20190826,5:45,1
20190826,5:46,1
20190826,5:47,1
20190826,5:48,1
20190826,5:49,1
20190826,5:50,1
20190826,5:51,1
20190826,5:52,1
20190826,5:53,1
20190826,5:54,1
20190826,5:55,1
20190826,5:56,1
20190826,5:57,1
20190827,0:21,1
20190827,0:22,1
20190827,0:23,1
20190827,0:24,1
20190827,0:25,1
20190827,0:26,1
20190827,0:27,1
20190827,0:28,1
20190827,0:29,1
20190827,0:30,1
20190827,0:31,1
20190827,0:32,1
20190827,0:33,1
20190827,0:34,1
20190827,0:35,1
20190827,0:36,1
20190827,0:37,1
20190827,0:38,1
20190827,0:39,1
20190827,0:40,1
20190827,0:41,1
20190827,0:42,1
20190827,0:43,1
20190827,0:44,1
20190827,0:45,1
20190827,0:46,1
20190827,0:47,1
20190827,0:48,1
20190827,0:49,1
20190827,0:50,1
20190827,0:51,1
20190827,0:52,1
20190827,0:53,1
20190827,0:54,1
20190827,0:55,1
20190827,0:56,1
20190827,0:57,1
20190827,0:58,1
20190827,0:59,1
20190827,1:00,1
20190827,1:01,1
20190827,1:02,1
20190827,1:03,1
20190827,1:04,1
20190827,1:05,1
20190827,1:06,1
20190827,1:07,1
20190827,1:08,1
20190827,1:09,1
20190827,1:10,1
20190827,1:11,1
20190827,1:12,1
20190827,1:13,1
20190827,1:14,1
20190827,1:15,1
20190827,1:16,1
20190827,1:17,1
20190827,1:18,2
20190827,1:19,2
20190827,1:20,2
20190827,1:21,2
20190827,1:22,2
20190827,1:23,2
20190827,1:24,2
20190827,1:25,2
20190827,1:26,2
20190827,1:27,2
20190827,1:28,2
20190827,1:29,2
20190827,1:30,2
20190827,1:31,2
20190827,1:32,2
20190827,1:33,2
20190827,1:34,2
20190827,1:35,2
20190827,1:36,2
20190827,1:37,2
20190827,1:38,2
20190827,1:39,2
20190827,1:40,2
20190827,1:41,2
20190827,1:42,2
20190827,1:43,2
20190827,1:44,2
20190827,1:45,2
20190827,1:46,2
20190827,1:47,2
20190827,1:48,2
20190827,1:49,2
20190827,1:50,2
20190827,1:51,2
20190827,1:52,2
20190827,1:53,1
20190827,1:54,1
20190827,1:55,1
20190827,1:56,1
20190827,1:57,1
20190827,1:58,1
20190827,1:59,1
20190827,2:00,1
20190827,2:01,1
20190827,2:02,1
20190827,2:03,1
20190827,2:04,1
20190827,2:05,1
20190827,2:06,1
20190827,2:07,1
20190827,2:08,1
20190827,2:09,1
20190827,2:10,1
20190827,2:11,1
20190827,2:12,1
20190827,2:13,1
20190827,2:14,1
20190827,2:15,1
20190827,2:16,1
20190827,2:17,1
20190827,2:18,2
20190827,2:19,2
20190827,2:20,2
20190827,2:21,2
20190827,2:22,2
20190827,2:23,2
20190827,2:24,2
20190827,2:25,2
20190827,2:26,2
20190827,2:27,2
20190827,2:28,2
20190827,2:29,2
20190827,2:30,2
20190827,2:31,2
20190827,2:32,2
20190827,2:33,2
20190827,2:34,2
20190827,2:35,2
20190827,2:36,2
20190827,2:37,2
20190827,2:38,2
20190827,2:39,1
20190827,2:40,1
20190827,2:41,1
20190827,2:42,1
20190827,2:43,1
20190827,2:44,1
20190827,2:45,1
20190827,2:46,1
20190827,2:47,1
20190827,2:48,1
20190827,2:49,1
20190827,2:50,1
20190827,2:51,1
20190827,2:52,1
20190827,2:53,1
20190827,2:54,1
20190827,2:55,1
20190827,2:56,1
20190827,2:57,1
20190827,2:58,1
20190827,2:59,2
20190827,3:00,2
20190827,3:01,2
20190827,3:02,2
20190827,3:03,2
20190827,3:04,2
20190827,3:05,2
20190827,3:06,2
20190827,3:07,2
20190827,3:08,2
20190827,3:09,2
20190827,3:10,2
20190827,3:11,2
20190827,3:12,2
20190827,3:13,2
20190827,3:14,1
20190827,3:15,1
20190827,3:16,1
20190827,3:17,1
20190827,3:18,1
20190827,3:19,1
20190827,3:20,1
20190827,3:21,1
20190827,3:22,1
20190827,3:23,1
20190827,3:24,2
20190827,3:25,2
20190827,3:26,2
20190827,3:27,2
20190827,3:28,2
20190827,3:29,2
20190827,3:30,2
20190827,3:31,2
20190827,3:32,2
20190827,3:33,2
20190827,3:34,2
20190827,3:35,2
20190827,3:36,2
20190827,3:37,2
20190827,3:38,2
20190827,3:39,2
20190827,3:40,2
20190827,3:41,2
20190827,3:42,1
20190827,3:43,1
20190827,3:44,1
20190827,3:45,1
20190827,3:46,1
20190827,3:47,1
20190827,3:48,1
20190827,3:49,1
20190827,3:50,1
20190827,3:51,1
20190827,3:52,2
20190827,3:53,2
20190827,3:54,2
20190827,3:55,2
20190827,3:56,2
20190827,3:57,2
20190827,3:58,2
20190827,3:59,2
20190827,4:00,2
20190827,4:01,2
20190827,4:02,2
20190827,4:03,2
20190827,4:04,2
20190827,4:05,2
20190827,4:06,2
20190827,4:07,2
20190827,4:08,2
20190827,4:09,2
20190827,4:10,2
20190827,4:11,2
20190827,4:12,2
20190827,4:13,2
20190827,4:14,2
20190827,4:15,1
20190827,4:16,1
20190827,4:17,1
20190827,4:18,1
20190827,4:19,1
20190827,4:20,1
20190827,4:21,1
20190827,4:22,1
20190827,4:23,1
20190827,4:24,1
20190827,4:25,1
20190827,4:26,1
20190827,4:27,1
20190827,4:28,1
20190827,4:29,1
20190827,4:30,1
20190827,4:31,1
20190827,4:32,1
20190827,4:33,1
20190827,4:34,1
20190827,4:35,1
20190827,4:36,1
20190827,4:37,1
20190827,4:38,1
20190827,4:39,1
20190827,4:40,1
20190827,4:41,1
20190827,4:42,1
20190827,4:43,1
20190827,4:44,1
20190827,4:45,1
20190827,4:46,1
20190827,4:47,1
20190827,4:48,1
20190827,4:49,1
20190827,4:50,1
20190827,4:51,1
20190827,4:52,1
20190827,4:53,1
20190827,4:54,1
20190827,4:55,1
20190827,4:56,1
20190827,4:57,1
20190827,4:58,2
20190827,4:59,2
20190827,5:00,2
20190827,5:01,2
20190827,5:02,2
20190827,5:03,2
20190827,5:04,2
20190827,5:05,2
20190827,5:06,2
20190827,5:07,2
20190827,5:08,2
20190827,5:09,2
20190827,5:10,2
20190827,5:11,2
20190827,5:12,2
20190827,5:13,2
20190827,5:14,1
20190827,5:15,1
20190827,5:16,1
20190827,5:17,1
20190827,5:18,1
20190827,5:19,1
20190827,5:20,1
20190827,5:21,1
20190827,5:22,1
20190827,5:23,1
20190827,5:24,1
20190827,5:25,1
20190827,5:26,1
20190827,5:27,1
20190827,5:28,1
20190827,5:29,1
20190827,5:30,1
20190827,5:31,1
20190827,5:32,1
20190827,5:33,1
20190827,5:34,1
20190827,5:35,1
20190827,5:36,1
20190827,5:37,1
20190827,5:38,1
20190827,5:39,1
20190827,5:40,1
20190827,5:41,1
20190827,5:42,1
20190827,5:43,1
20190827,5:44,1
20190827,5:45,1
20190827,5:46,1
20190827,5:47,1
20190827,5:48,1
20190827,5:49,1
20190827,5:50,2
20190827,5:51,2
20190827,5:52,2
20190827,5:53,2
20190827,5:54,2
20190827,5:55,2
20190827,5:56,2
20190827,5:57,2
20190827,5:58,2
20190827,5:59,2
20190827,6:00,1
20190827,6:01,1
20190827,6:02,1
20190827,6:03,1
20190827,6:04,1
20190827,6:05,1
20190827,6:06,1
20190827,6:07,1
20190827,6:08,1
20190827,6:09,1
20190827,6:10,1
20190828,2:23,1
20190828,2:24,1
20190828,2:25,1
20190828,2:26,1
20190828,2:27,1
20190828,2:28,1
20190828,2:29,1
20190828,2:30,1
20190828,2:31,1
20190828,2:32,1
20190828,2:33,2
20190828,2:34,2
20190828,2:35,2
20190828,2:36,2
20190828,2:37,2
20190828,2:38,2
20190828,2:39,2
20190828,2:40,2
20190828,2:41,2
20190828,2:42,2
20190828,2:43,2
20190828,2:44,2
20190828,2:45,2
20190828,2:46,2
20190828,2:47,2
20190828,2:48,2
20190828,2:49,2
20190828,2:50,2
20190828,2:51,2
20190828,2:52,2
20190828,2:53,2
20190828,2:54,2
20190828,2:55,2
20190828,2:56,2
20190828,2:57,2
20190828,2:58,2
20190828,2:59,2
20190828,3:00,2
20190828,3:01,2
20190828,3:02,2
20190828,3:03,2
20190828,3:04,2
20190828,3:05,2
20190828,3:06,2
20190828,3:07,2
20190828,3:08,1
20190828,3:09,1
20190828,3:10,1
20190828,3:11,1
20190828,3:12,1
20190828,3:13,1
20190828,3:14,1
20190828,3:15,1
20190828,3:16,1
20190828,3:17,1
20190828,3:18,1
20190828,3:19,2
20190828,3:20,2
20190828,3:21,2
20190828,3:22,2
20190828,3:23,2
20190828,3:24,2
20190828,3:25,2
20190828,3:26,2
20190828,3:27,2
20190828,3:28,2
20190828,3:29,1
20190828,3:30,1
20190828,3:31,1
20190828,3:32,1
20190828,3:33,1
20190828,3:34,1
20190828,3:35,1
20190828,3:36,1
20190828,3:37,1
20190828,3:38,1
20190828,3:39,1
20190828,3:40,1
20190828,3:41,1
20190828,3:42,1
20190828,3:43,1
20190828,3:44,1
20190828,3:45,1
20190828,3:46,1
20190828,3:47,1
20190828,3:48,1
20190828,3:49,1
20190828,3:50,1
20190828,3:51,1
20190828,3:52,1
20190828,3:53,2
20190828,3:54,2
20190828,3:55,2
20190828,3:56,2
20190828,3:57,2
20190828,3:58,2
20190828,3:59,2
20190828,4:00,2
20190828,4:01,2
20190828,4:02,2
20190828,4:03,2
20190828,4:04,2
20190828,4:05,2
20190828,4:06,2
20190828,4:07,2
20190828,4:08,2
20190828,4:09,2
20190828,4:10,2
20190828,4:11,2
20190828,4:12,2
20190828,4:13,2
20190828,4:14,2
20190828,4:15,2
20190828,4:16,2
20190828,4:17,2
20190828,4:18,2
20190828,4:19,2
20190828,4:20,2
20190828,4:21,2
20190828,4:22,2
20190828,4:23,1
20190828,4:24,1
20190828,4:25,1
20190828,4:26,1
20190828,4:27,1
20190828,4:28,1
20190828,4:29,1
20190828,4:30,1
20190828,4:31,1
20190828,4:32,1
20190828,4:33,2
20190828,4:34,2
20190828,4:35,2
20190828,4:36,2
20190828,4:37,2
20190828,4:38,2
20190828,4:39,2
20190828,4:40,2
20190828,4:41,2
20190828,4:42,2
20190828,4:43,1
20190828,4:44,1
20190828,4:45,1
20190828,4:46,1
20190828,4:47,1
20190828,4:48,1
20190828,4:49,1
20190828,4:50,1
20190828,4:51,1
20190828,4:52,1
20190828,4:53,1
20190828,4:54,1
20190828,4:55,1
20190828,4:56,1
20190828,4:57,1
20190828,4:58,1
20190828,4:59,1
20190828,5:00,1
20190828,5:01,1
20190828,5:02,1
20190828,5:03,1
20190828,5:04,1
20190828,5:05,1
20190828,5:06,1
20190828,5:07,1
20190828,5:08,1
20190828,5:09,1
20190828,5:10,1
20190828,5:11,1
20190828,5:12,1
20190828,5:13,1
20190828,5:14,1
20190828,5:15,1
20190828,5:16,1
20190828,5:17,1
20190828,5:18,1
20190828,5:19,1
20190828,5:20,1
20190828,5:21,1
20190828,5:22,1
20190828,5:23,1
20190828,5:24,1
20190828,5:25,1
20190828,5:26,1
20190828,5:27,1
20190828,5:28,1
20190828,5:29,1
20190828,5:30,1
20190828,5:31,1
20190828,5:32,1
20190828,5:33,1
20190828,5:34,1
20190828,5:35,1
20190828,5:36,1
20190828,5:37,1
20190828,5:38,1
20190828,5:39,1
20190828,5:40,1
20190828,5:41,1
20190828,5:42,1
20190828,5:43,2
20190828,5:44,2
20190828,5:45,2
20190828,5:46,2
20190828,5:47,2
20190828,5:48,2
20190828,5:49,2
20190828,5:50,2
20190828,5:51,2
20190828,5:52,2
20190828,5:53,1
20190828,5:54,1
20190828,5:55,1
20190828,5:56,1
20190828,5:57,1
20190828,5:58,1
20190828,5:59,1
20190828,6:00,1
20190828,6:01,1
20190828,6:02,1
20190828,6:03,1
20190828,6:04,2
20190828,6:05,2
20190828,6:06,2
20190828,6:07,2
20190828,6:08,2
20190828,6:09,2
20190828,6:10,2
20190828,6:11,2
20190828,6:12,2
20190828,6:13,2
20190828,6:14,2
20190828,6:15,2
20190828,6:16,2
20190828,6:17,1
20190828,6:18,1
20190828,6:19,1
20190828,6:20,1
20190828,6:21,1
20190828,6:22,1
20190828,6:23,1
20190828,6:24,1
20190828,6:25,1
20190828,6:26,1
20190828,6:27,1
20190828,6:28,1
20190828,6:29,1
20190828,6:30,1
20190828,6:31,1
20190828,6:32,1
20190828,6:33,1
20190828,6:34,1
20190828,6:35,1
20190828,6:36,1
20190828,6:37,1
20190828,6:38,1
20190828,6:39,1
20190828,6:40,1
20190828,6:41,1
20190828,6:42,1
20190828,6:43,1
20190828,6:44,1
20190828,6:45,1
20190828,6:46,1
20190828,6:47,1
20190828,6:48,1
20190828,6:49,1
20190828,6:50,1
20190828,6:51,1
20190828,6:52,1
20190828,6:53,1
20190828,6:54,1
20190828,6:55,1
20190828,6:56,1
20190828,6:57,1
20190828,6:58,2
20190828,6:59,2
20190828,7:00,2
20190828,7:01,2
20190828,7:02,2
20190828,7:03,2
20190828,7:04,2
20190828,7:05,2
20190828,7:06,2
20190828,7:07,2
20190828,7:08,2
20190828,7:09,2
20190828,7:10,2
20190828,7:11,2
20190828,7:12,2
20190828,7:13,1
20190828,7:14,1
20190828,7:15,1
20190828,7:16,1
20190828,7:17,1
20190828,7:18,1
20190828,7:19,1
20190828,7:20,1
20190828,7:21,1
20190828,7:22,1
20190828,7:23,1
20190828,7:24,1
20190828,7:25,1
20190828,7:26,1
20190828,7:27,1
20190828,7:28,1
20190828,7:29,1
20190828,7:30,1
20190828,7:31,1
20190828,7:32,1
20190828,7:33,1
20190828,7:34,1
20190828,7:35,1
20190828,7:36,1
20190828,7:37,1
20190828,7:38,1
20190828,7:39,1
20190828,7:40,1
20190828,7:41,1
20190828,7:42,1
20190828,7:43,1
20190828,7:44,1
20190828,7:45,1
20190828,7:46,1
20190828,7:47,1
20190828,7:48,1
20190828,7:49,1
20190828,7:50,1
20190828,7:51,1
20190828,7:52,1
20190828,7:53,1
20190828,7:54,1
20190828,7:55,1
20190828,7:56,1
20190828,7:57,1
20190828,7:58,2
20190828,7:59,2
20190828,8:00,2
20190828,8:01,2
20190828,8:02,2
20190828,8:03,2
20190828,8:04,2
20190828,8:05,2
20190828,8:06,2
20190828,8:07,2
20190828,8:08,2
20190828,8:09,2
20190828,8:10,2
20190828,8:11,2
20190828,8:12,2
20190828,8:13,2
20190828,8:14,2
20190828,8:15,1
20190828,8:16,1
20190828,8:17,1
20190828,8:18,1
20190828,8:19,1
20190828,8:20,1
20190828,8:21,1
20190828,8:22,1
20190828,8:23,1
20190828,8:24,1
20190828,8:25,2
20190828,8:26,2
20190828,8:27,2
20190828,8:28,2
20190828,8:29,2
20190828,8:30,2
20190828,8:31,2
20190828,8:32,2
20190828,8:33,2
20190828,8:34,2
20190828,8:35,2
20190828,8:36,2
20190828,8:37,2
20190828,8:38,2
20190828,8:39,2
20190828,8:40,2
20190828,8:41,2
20190828,8:42,2
20190828,8:43,2
20190828,8:44,2
20190828,8:45,2
20190828,8:46,2
20190828,8:47,2
20190828,8:48,2
20190828,8:49,2
20190828,8:50,1
20190828,8:51,1
20190828,8:52,1
20190828,8:53,1
20190828,8:54,1
20190828,8:55,1
20190828,8:56,1
20190828,8:57,1
20190828,8:58,1
20190828,8:59,1
20190828,9:00,1
20190828,9:01,1
20190828,9:02,1
20190828,9:03,1
20190828,9:04,1
20190828,9:05,1
20190828,9:06,1
20190828,9:07,1
20190828,9:08,1
20190828,9:09,1
20190829,1:20,1
20190829,1:21,1
20190829,1:22,1
20190829,1:23,1
20190829,1:24,1
20190829,1:25,1
20190829,1:26,1
20190829,1:27,1
20190829,1:28,1
20190829,1:29,1
20190829,1:30,2
20190829,1:31,2
20190829,1:32,2
20190829,1:33,2
20190829,1:34,2
20190829,1:35,2
20190829,1:36,2
20190829,1:37,2
20190829,1:38,2
20190829,1:39,2
20190829,1:40,2
20190829,1:41,2
20190829,1:42,2
20190829,1:43,2
20190829,1:44,2
20190829,1:45,2
20190829,1:46,2
20190829,1:47,2
20190829,1:48,2
20190829,1:49,2
20190829,1:50,2
20190829,1:51,2
20190829,1:52,2
20190829,1:53,2
20190829,1:54,2
20190829,1:55,2
20190829,1:56,2
20190829,1:57,2
20190829,1:58,2
20190829,1:59,2
20190829,2:00,2
20190829,2:01,2
20190829,2:02,2
20190829,2:03,2
20190829,2:04,2
20190829,2:05,2
20190829,2:06,2
20190829,2:07,2
20190829,2:08,2
20190829,2:09,2
20190829,2:10,1
20190829,2:11,1
20190829,2:12,1
20190829,2:13,1
20190829,2:14,1
20190829,2:15,1
20190829,2:16,1
20190829,2:17,1
20190829,2:18,1
20190829,2:19,1
20190829,2:20,1
20190829,2:21,1
20190829,2:22,1
20190829,2:23,1
20190829,2:24,1
20190829,2:25,1
20190829,2:26,1
20190829,2:27,1
20190829,2:28,1
20190829,2:29,1
20190829,2:30,1
20190829,2:31,1
20190829,2:32,1
20190829,2:33,1
20190829,2:34,1
20190829,2:35,1
20190829,2:36,1
20190829,2:37,1
20190829,2:38,1
20190829,2:39,1
20190829,2:40,1
20190829,2:41,1
20190829,2:42,1
20190829,2:43,1
20190829,2:44,1
20190829,2:45,1
20190829,2:46,1
20190829,2:47,1
20190829,2:48,1
20190829,2:49,2
20190829,2:50,2
20190829,2:51,2
20190829,2:52,2
20190829,2:53,2
20190829,2:54,2
20190829,2:55,2
20190829,2:56,2
20190829,2:57,2
20190829,2:58,2
20190829,2:59,2
20190829,3:00,2
20190829,3:01,2
20190829,3:02,2
20190829,3:03,2
20190829,3:04,2
20190829,3:05,2
20190829,3:06,2
20190829,3:07,2
20190829,3:08,2
20190829,3:09,2
20190829,3:10,2
20190829,3:11,2
20190829,3:12,2
20190829,3:13,2
20190829,3:14,1
20190829,3:15,1
20190829,3:16,1
20190829,3:17,1
20190829,3:18,1
20190829,3:19,1
20190829,3:20,1
20190829,3:21,1
20190829,3:22,1
20190829,3:23,1
20190829,3:24,1
20190829,3:25,2
20190829,3:26,2
20190829,3:27,2
20190829,3:28,2
20190829,3:29,2
20190829,3:30,2
20190829,3:31,2
20190829,3:32,2
20190829,3:33,2
20190829,3:34,2
20190829,3:35,2
20190829,3:36,2
20190829,3:37,2
20190829,3:38,2
20190829,3:39,2
20190829,3:40,2
20190829,3:41,2
20190829,3:42,2
20190829,3:43,2
20190829,3:44,2
20190829,3:45,2
20190829,3:46,1
20190829,3:47,1
20190829,3:48,1
20190829,3:49,1
20190829,3:50,1
20190829,3:51,1
20190829,3:52,1
20190829,3:53,1
20190829,3:54,1
20190829,3:55,1
20190829,3:56,2
20190829,3:57,2
20190829,3:58,2
20190829,3:59,2
20190829,4:00,2
20190829,4:01,2
20190829,4:02,2
20190829,4:03,2
20190829,4:04,2
20190829,4:05,2
20190829,4:06,2
20190829,4:07,2
20190829,4:08,2
20190829,4:09,2
20190829,4:10,2
20190829,4:11,2
20190829,4:12,2
20190829,4:13,1
20190829,4:14,1
20190829,4:15,1
20190829,4:16,1
20190829,4:17,1
20190829,4:18,1
20190829,4:19,1
20190829,4:20,1
20190829,4:21,1
20190829,4:22,1
20190829,4:23,1
20190829,4:24,2
20190829,4:25,2
20190829,4:26,2
20190829,4:27,2
20190829,4:28,2
20190829,4:29,2
20190829,4:30,2
20190829,4:31,2
20190829,4:32,2
20190829,4:33,2
20190829,4:34,1
20190829,4:35,1
20190829,4:36,1
20190829,4:37,1
20190829,4:38,1
20190829,4:39,1
20190829,4:40,1
20190829,4:41,1
20190829,4:42,1
20190829,4:43,1
20190829,4:44,2
20190829,4:45,2
20190829,4:46,2
20190829,4:47,2
20190829,4:48,2
20190829,4:49,2
20190829,4:50,2
20190829,4:51,2
20190829,4:52,2
20190829,4:53,2
20190829,4:54,2
20190829,4:55,2
20190829,4:56,2
20190829,4:57,2
20190829,4:58,2
20190829,4:59,2
20190829,5:00,2
20190829,5:01,2
20190829,5:02,2
20190829,5:03,2
20190829,5:04,2
20190829,5:05,1
20190829,5:06,1
20190829,5:07,1
20190829,5:08,1
20190829,5:09,1
20190829,5:10,1
20190829,5:11,1
20190829,5:12,1
20190829,5:13,1
20190829,5:14,1
20190829,5:15,1
20190829,5:16,1
20190829,5:17,1
20190829,5:18,1
20190829,5:19,1
20190829,5:20,1
20190829,5:21,1
20190829,5:22,1
20190829,5:23,1
20190829,5:24,1
20190829,5:25,1
20190829,5:26,1
20190829,5:27,1
20190829,5:28,1
20190829,5:29,1
20190829,5:30,1
20190829,5:31,1
20190829,5:32,1
20190829,5:33,1
20190829,5:34,1
20190829,5:35,1
20190829,5:36,1
20190829,5:37,1
20190829,5:38,1
20190829,5:39,1
20190829,5:40,1
20190829,5:41,1
20190829,5:42,1
20190829,5:43,1
20190829,5:44,1
20190829,5:45,1
20190829,5:46,1
20190829,5:47,1
20190829,5:48,1
20190829,5:49,1
20190829,5:50,1
20190829,5:51,1
20190829,5:52,1
20190829,5:53,1
20190829,5:54,1
20190829,5:55,1
20190829,5:56,1
20190829,5:57,1
20190830,0:44,1
20190830,0:45,1
20190830,0:46,1
20190830,0:47,1
20190830,0:48,1
20190830,0:49,1
20190830,0:50,1
20190830,0:51,1
20190830,0:52,1
20190830,0:53,1
20190830,0:54,2
20190830,0:55,2
20190830,0:56,2
20190830,0:57,2
20190830,0:58,2
20190830,0:59,2
20190830,1:00,2
20190830,1:01,2
20190830,1:02,2
20190830,1:03,2
20190830,1:04,2
20190830,1:05,2
20190830,1:06,2
20190830,1:07,2
20190830,1:08,2
20190830,1:09,2
20190830,1:10,2
20190830,1:11,2
20190830,1:12,2
20190830,1:13,2
20190830,1:14,2
20190830,1:15,2
20190830,1:16,2
20190830,1:17,2
20190830,1:18,2
20190830,1:19,2
20190830,1:20,2
20190830,1:21,2
20190830,1:22,2
20190830,1:23,1
20190830,1:24,1
20190830,1:25,1
20190830,1:26,1
20190830,1:27,1
20190830,1:28,1
20190830,1:29,1
20190830,1:30,1
20190830,1:31,1
20190830,1:32,1
20190830,1:33,1
20190830,1:34,1
20190830,1:35,1
20190830,1:36,2
20190830,1:37,2
20190830,1:38,2
20190830,1:39,2
20190830,1:40,2
20190830,1:41,2
20190830,1:42,2
20190830,1:43,2
20190830,1:44,2
20190830,1:45,2
20190830,1:46,2
20190830,1:47,2
20190830,1:48,2
20190830,1:49,2
20190830,1:50,2
20190830,1:51,2
20190830,1:52,2
20190830,1:53,1
20190830,1:54,1
20190830,1:55,1
20190830,1:56,1
20190830,1:57,1
20190830,1:58,1
20190830,1:59,1
20190830,2:00,1
20190830,2:01,1
20190830,2:02,1
20190830,2:03,1
20190830,2:04,1
20190830,2:05,1
20190830,2:06,1
20190830,2:07,1
20190830,2:08,1
20190830,2:09,1
20190830,2:10,1
20190830,2:11,1
20190830,2:12,1
20190830,2:13,1
20190830,2:14,1
20190830,2:15,1
20190830,2:16,1
20190830,2:17,1
20190830,2:18,1
20190830,2:19,1
20190830,2:20,1
20190830,2:21,1
20190830,2:22,1
20190830,2:23,2
20190830,2:24,2
20190830,2:25,2
20190830,2:26,2
20190830,2:27,2
20190830,2:28,2
20190830,2:29,2
20190830,2:30,2
20190830,2:31,2
20190830,2:32,2
20190830,2:33,2
20190830,2:34,2
20190830,2:35,2
20190830,2:36,2
20190830,2:37,2
20190830,2:38,2
20190830,2:39,2
20190830,2:40,2
20190830,2:41,2
20190830,2:42,2
20190830,2:43,2
20190830,2:44,2
20190830,2:45,2
20190830,2:46,2
20190830,2:47,2
20190830,2:48,2
20190830,2:49,2
20190830,2:50,2
20190830,2:51,2
20190830,2:52,2
20190830,2:53,2
20190830,2:54,2
20190830,2:55,1
20190830,2:56,1
20190830,2:57,1
20190830,2:58,1
20190830,2:59,1
20190830,3:00,1
20190830,3:01,1
20190830,3:02,1
20190830,3:03,1
20190830,3:04,1
20190830,3:05,1
20190830,3:06,1
20190830,3:07,1
20190830,3:08,1
20190830,3:09,1
20190830,3:10,1
20190830,3:11,1
20190830,3:12,1
20190830,3:13,1
20190830,3:14,1
20190830,3:15,1
20190830,3:16,1
20190830,3:17,1
20190830,3:18,1
20190830,3:19,1
20190830,3:20,1
20190830,3:21,1
20190830,3:22,1
20190830,3:23,1
20190830,3:24,1
20190830,3:25,1
20190830,3:26,1
20190830,3:27,1
20190830,3:28,1
20190830,3:29,1
20190830,3:30,1
20190830,3:31,1
20190830,3:32,1
20190830,3:33,1
20190830,3:34,1
20190830,3:35,1
20190830,3:36,1
20190830,3:37,1
20190830,3:38,1
20190830,3:39,1
20190830,3:40,1
20190830,3:41,1
20190830,3:42,1
20190830,3:43,1
20190830,3:44,1
20190830,3:45,1
20190830,3:46,1
20190830,3:47,1
20190830,3:48,1
20190830,3:49,1
20190830,3:50,1
20190830,3:51,1
20190830,3:52,1
20190830,3:53,1
20190830,3:54,1
20190830,3:55,1
20190830,3:56,1
20190830,3:57,1
20190830,3:58,1
20190830,3:59,1
20190830,4:00,1
20190830,4:01,1
20190830,4:02,1
20190830,4:03,1
20190830,4:04,1
20190830,4:05,1
20190830,4:06,1
20190830,4:07,1
20190830,4:08,1
20190830,4:09,1
20190830,4:10,2
20190830,4:11,2
20190830,4:12,2
20190830,4:13,2
20190830,4:14,2
20190830,4:15,2
20190830,4:16,2
20190830,4:17,2
20190830,4:18,2
20190830,4:19,2
20190830,4:20,2
20190830,4:21,2
20190830,4:22,2
20190830,4:23,2
20190830,4:24,2
20190830,4:25,2
20190830,4:26,2
20190830,4:27,2
20190830,4:28,2
20190830,4:29,2
20190830,4:30,2
20190830,4:31,2
20190830,4:32,2
20190830,4:33,2
20190830,4:34,2
20190830,4:35,2
20190830,4:36,2
20190830,4:37,2
20190830,4:38,2
20190830,4:39,2
20190830,4:40,2
20190830,4:41,2
20190830,4:42,2
20190830,4:43,2
20190830,4:44,2
20190830,4:45,1
20190830,4:46,1
20190830,4:47,1
20190830,4:48,1
20190830,4:49,1
20190830,4:50,1
20190830,4:51,1
20190830,4:52,1
20190830,4:53,1
20190830,4:54,1
20190830,4:55,1
20190830,4:56,1
20190830,4:57,1
20190830,4:58,1
20190830,4:59,1
20190830,5:00,1
20190830,5:01,1
20190830,5:02,1
20190830,5:03,1
20190830,5:04,1
20190830,5:05,1
20190830,5:06,1
20190830,5:07,1
20190830,5:08,1
20190830,5:09,1
20190830,5:10,1
20190830,5:11,1
20190830,5:12,1
20190830,5:13,1
20190830,5:14,1
20190830,5:15,2
20190830,5:16,2
20190830,5:17,2
20190830,5:18,2
20190830,5:19,2
20190830,5:20,2
20190830,5:21,2
20190830,5:22,2
20190830,5:23,2
20190830,5:24,2
20190830,5:25,2
20190830,5:26,2
20190830,5:27,2
20190830,5:28,2
20190830,5:29,2
20190830,5:30,1
20190830,5:31,1
20190830,5:32,1
20190830,5:33,1
20190830,5:34,1
20190830,5:35,1
20190830,5:36,1
20190830,5:37,1
20190830,5:38,1
20190830,5:39,1
20190830,5:40,1
20190830,5:41,2
20190830,5:42,2
20190830,5:43,2
20190830,5:44,2
20190830,5:45,2
20190830,5:46,2
20190830,5:47,2
20190830,5:48,2
20190830,5:49,2
20190830,5:50,2
20190830,5:51,2
20190830,5:52,2
20190830,5:53,2
20190830,5:54,1
20190830,5:55,1
20190830,5:56,1
20190830,5:57,1
20190830,5:58,1
20190830,5:59,1
20190830,6:00,1
20190830,6:01,1
20190830,6:02,1
20190830,6:03,1
20190830,6:04,1
20190830,6:05,1
20190830,6:06,1
20190830,6:07,1
20190830,6:08,1
20190830,6:09,1
20190830,6:10,1
20190830,6:11,1
20190830,6:12,1
20190830,6:13,1
20190830,6:14,1
20190830,6:15,1
20190830,6:16,1
20190830,6:17,1
20190830,6:18,1
20190830,6:19,1
20190830,6:20,1
20190830,6:21,1
20190830,6:22,1
20190830,6:23,1
20190830,6:24,1
20190830,6:25,1
20190830,6:26,1
20190830,6:27,1
20190830,6:28,1
20190830,6:29,1
20190830,6:30,1
20190830,6:31,1
20190830,6:32,1
20190830,6:33,1
20190830,6:34,1
20190830,6:35,1
20190830,6:36,1
20190830,6:37,1
20190830,6:38,1
20190830,6:39,1
20190830,6:40,1
20190830,6:41,1
20190830,6:42,1
20190830,6:43,1
20190830,6:44,1
20190830,6:45,1
20190830,6:46,1
20190830,6:47,1
20190830,6:48,1
20190830,6:49,1
20190830,6:50,1
20190830,6:51,1
20190830,6:52,1
20190830,6:53,1
20190830,6:54,1
20190830,6:55,1
20190902,23:44,1
20190902,23:45,1
20190902,23:46,1
20190902,23:47,1
20190902,23:48,1
20190902,23:49,1
20190902,23:50,1
20190902,23:51,1
20190902,23:52,1
20190902,23:53,1
20190902,23:54,1
20190902,23:55,1
20190902,23:56,1
20190902,23:57,1
20190902,23:58,1
20190902,23:59,1
20190902,0:00,1
20190902,0:01,1
20190902,0:02,2
20190902,0:03,2
20190902,0:04,2
20190902,0:05,2
20190902,0:06,2
20190902,0:07,2
20190902,0:08,2
20190902,0:09,2
20190902,0:10,2
20190902,0:11,2
20190902,0:12,2
20190902,0:13,2
20190902,0:14,2
20190902,0:15,2
20190902,0:16,2
20190902,0:17,2
20190902,0:18,2
20190902,0:19,2
20190902,0:20,2
20190902,0:21,1
20190902,0:22,1
20190902,0:23,1
20190902,0:24,1
20190902,0:25,1
20190902,0:26,1
20190902,0:27,1
20190902,0:28,1
20190902,0:29,1
20190902,0:30,1
20190902,0:31,2
20190902,0:32,2
20190902,0:33,2
20190902,0:34,2
20190902,0:35,2
20190902,0:36,2
20190902,0:37,2
20190902,0:38,2
20190902,0:39,2
20190902,0:40,2
20190902,0:41,1
20190902,0:42,1
20190902,0:43,1
20190902,0:44,1
20190902,0:45,1
20190902,0:46,1
20190902,0:47,1
20190902,0:48,1
20190902,0:49,1
20190902,0:50,1
20190902,0:51,2
20190902,0:52,2
20190902,0:53,2
20190902,0:54,2
20190902,0:55,2
20190902,0:56,2
20190902,0:57,2
20190902,0:58,2
20190902,0:59,2
20190902,1:00,2
20190902,1:01,2
20190902,1:02,2
20190902,1:03,2
20190902,1:04,2
20190902,1:05,2
20190902,1:06,2
20190902,1:07,2
20190902,1:08,2
20190902,1:09,2
20190902,1:10,2
20190902,1:11,2
20190902,1:12,2
20190902,1:13,2
20190902,1:14,2
20190902,1:15,1
20190902,1:16,1
20190902,1:17,1
20190902,1:18,1
20190902,1:19,1
20190902,1:20,1
20190902,1:21,1
20190902,1:22,1
20190902,1:23,1
20190902,1:24,1
20190902,1:25,2
20190902,1:26,2
20190902,1:27,2
20190902,1:28,2
20190902,1:29,2
20190902,1:30,2
20190902,1:31,2
20190902,1:32,2
20190902,1:33,2
20190902,1:34,2
20190902,1:35,2
20190902,1:36,2
20190902,1:37,2
20190902,1:38,1
20190902,1:39,1
20190902,1:40,1
20190902,1:41,1
20190902,1:42,1
20190902,1:43,1
20190902,1:44,1
20190902,1:45,1
20190902,1:46,1
20190902,1:47,1
20190902,1:48,2
20190902,1:49,2
20190902,1:50,2
20190902,1:51,2
20190902,1:52,2
20190902,1:53,2
20190902,1:54,2
20190902,1:55,2
20190902,1:56,2
20190902,1:57,2
20190902,1:58,2
20190902,1:59,1
20190902,2:00,1
20190902,2:01,1
20190902,2:02,1
20190902,2:03,1
20190902,2:04,1
20190902,2:05,1
20190902,2:06,1
20190902,2:07,1
20190902,2:08,1
20190902,2:09,1
20190902,2:10,1
20190902,2:11,1
20190902,2:12,1
20190902,2:13,1
20190902,2:14,1
20190902,2:15,1
20190902,2:16,1
20190902,2:17,1
20190902,2:18,1
20190902,2:19,1
20190902,2:20,1
20190902,2:21,1
20190902,2:22,1
20190902,2:23,1
20190902,2:24,1
20190902,2:25,1
20190902,2:26,1
20190902,2:27,1
20190902,2:28,1
20190902,2:29,1
20190902,2:30,2
20190902,2:31,2
20190902,2:32,2
20190902,2:33,2
20190902,2:34,2
20190902,2:35,2
20190902,2:36,2
20190902,2:37,2
20190902,2:38,2
20190902,2:39,2
20190902,2:40,2
20190902,2:41,2
20190902,2:42,2
20190902,2:43,2
20190902,2:44,2
20190902,2:45,2
20190902,2:46,2
20190902,2:47,2
20190902,2:48,1
20190902,2:49,1
20190902,2:50,1
20190902,2:51,1
20190902,2:52,1
20190902,2:53,1
20190902,2:54,1
20190902,2:55,1
20190902,2:56,1
20190902,2:57,1
20190902,2:58,1
20190902,2:59,1
20190902,3:00,1
20190902,3:01,1
20190902,3:02,1
20190902,3:03,1
20190902,3:04,1
20190902,3:05,1
20190902,3:06,1
20190902,3:07,1
20190902,3:08,1
20190902,3:09,1
20190902,3:10,1
20190902,3:11,1
20190902,3:12,1
20190902,3:13,1
20190902,3:14,1
20190902,3:15,2
20190902,3:16,2
20190902,3:17,2
20190902,3:18,2
20190902,3:19,2
20190902,3:20,2
20190902,3:21,2
20190902,3:22,2
20190902,3:23,2
20190902,3:24,2
20190902,3:25,2
20190902,3:26,2
20190902,3:27,2
20190902,3:28,2
20190902,3:29,2
20190902,3:30,2
20190902,3:31,2
20190902,3:32,2
20190902,3:33,2
20190902,3:34,2
20190902,3:35,2
20190902,3:36,2
20190902,3:37,2
20190902,3:38,2
20190902,3:39,2
20190902,3:40,2
20190902,3:41,2
20190902,3:42,2
20190902,3:43,2
20190902,3:44,2
20190902,3:45,2
20190902,3:46,2
20190902,3:47,2
20190902,3:48,2
20190902,3:49,2
20190902,3:50,2
20190902,3:51,2
20190902,3:52,2
20190902,3:53,2
20190902,3:54,2
20190902,3:55,2
20190902,3:56,2
20190902,3:57,2
20190902,3:58,1
20190902,3:59,1
20190902,4:00,1
20190902,4:01,1
20190902,4:02,1
20190902,4:03,1
20190902,4:04,1
20190902,4:05,1
20190902,4:06,1
20190902,4:07,1
20190902,4:08,1
20190902,4:09,1
20190902,4:10,1
20190902,4:11,1
20190902,4:12,1
20190902,4:13,2
20190902,4:14,2
20190902,4:15,2
20190902,4:16,2
20190902,4:17,2
20190902,4:18,2
20190902,4:19,2
20190902,4:20,2
20190902,4:21,2
20190902,4:22,2
20190902,4:23,2
20190902,4:24,2
20190902,4:25,1
20190902,4:26,1
20190902,4:27,1
20190902,4:28,1
20190902,4:29,1
20190902,4:30,1
20190902,4:31,1
20190902,4:32,1
20190902,4:33,1
20190902,4:34,1
20190902,4:35,2
20190902,4:36,2
20190902,4:37,2
20190902,4:38,2
20190902,4:39,2
20190902,4:40,2
20190902,4:41,2
20190902,4:42,2
20190902,4:43,2
20190902,4:44,2
20190902,4:45,2
20190902,4:46,2
20190902,4:47,2
20190902,4:48,2
20190902,4:49,2
20190902,4:50,2
20190902,4:51,1
20190902,4:52,1
20190902,4:53,1
20190902,4:54,1
20190902,4:55,1
20190902,4:56,1
20190902,4:57,1
20190902,4:58,1
20190902,4:59,1
20190902,5:00,1
20190902,5:01,1
20190902,5:02,1
20190902,5:03,2
20190902,5:04,2
20190902,5:05,2
20190902,5:06,2
20190902,5:07,2
20190902,5:08,2
20190902,5:09,2
20190902,5:10,2
20190902,5:11,2
20190902,5:12,2
20190902,5:13,2
20190902,5:14,2
20190902,5:15,2
20190902,5:16,1
20190902,5:17,1
20190902,5:18,1
20190902,5:19,1
20190902,5:20,1
20190902,5:21,1
20190902,5:22,1
20190902,5:23,1
20190902,5:24,1
20190902,5:25,1
20190902,5:26,1
20190902,5:27,1
20190902,5:28,1
20190902,5:29,1
20190902,5:30,1
20190902,5:31,1
20190902,5:32,1
20190902,5:33,1
20190902,5:34,1
20190902,5:35,1
20190902,5:36,1
20190902,5:37,1
20190902,5:38,1
20190902,5:39,1
20190902,5:40,1
20190902,5:41,1
20190902,5:42,2
20190902,5:43,2
20190902,5:44,2
20190902,5:45,2
20190902,5:46,2
20190902,5:47,2
20190902,5:48,2
20190902,5:49,2
20190902,5:50,2
20190902,5:51,2
20190902,5:52,2
20190902,5:53,2
20190902,5:54,2
20190902,5:55,2
20190902,5:56,2
20190902,5:57,2
20190902,5:58,2
20190902,5:59,2
20190902,6:00,2
20190902,6:01,2
20190902,6:02,2
20190902,6:03,2
20190902,6:04,2
20190902,6:05,2
20190902,6:06,1
20190902,6:07,1
20190902,6:08,1
20190902,6:09,1
20190902,6:10,1
20190902,6:11,1
20190902,6:12,1
20190902,6:13,1
20190902,6:14,1
20190902,6:15,1
20190902,6:16,1
20190902,6:17,1
20190902,6:18,1
20190902,6:19,1
20190902,6:20,1
20190902,6:21,1
20190902,6:22,1
20190902,6:23,1
20190902,6:24,1
20190902,6:25,1
20190902,6:26,1
20190902,6:27,1
20190902,6:28,1
20190902,6:29,1
20190902,6:30,1
20190902,6:31,1
20190902,6:32,1
20190902,6:33,1
20190903,23:50,1
20190903,23:51,1
20190903,23:52,1
20190903,23:53,1
20190903,23:54,1
20190903,23:55,1
20190903,23:56,1
20190903,23:57,1
20190903,23:58,1
20190903,23:59,1
20190903,0:00,1
20190903,0:01,1
20190903,0:02,1
20190903,0:03,1
20190903,0:04,1
20190903,0:05,1
20190903,0:06,1
20190903,0:07,1
20190903,0:08,1
20190903,0:09,2
20190903,0:10,2
20190903,0:11,2
20190903,0:12,2
20190903,0:13,2
20190903,0:14,2
20190903,0:15,2
20190903,0:16,2
20190903,0:17,2
20190903,0:18,2
20190903,0:19,2
20190903,0:20,2
20190903,0:21,2
20190903,0:22,2
20190903,0:23,2
20190903,0:24,2
20190903,0:25,2
20190903,0:26,2
20190903,0:27,2
20190903,0:28,2
20190903,0:29,1
20190903,0:30,1
20190903,0:31,1
20190903,0:32,1
20190903,0:33,1
20190903,0:34,1
20190903,0:35,1
20190903,0:36,1
20190903,0:37,1
20190903,0:38,1
20190903,0:39,2
20190903,0:40,2
20190903,0:41,2
20190903,0:42,2
20190903,0:43,2
20190903,0:44,2
20190903,0:45,2
20190903,0:46,2
20190903,0:47,2
20190903,0:48,2
20190903,0:49,2
20190903,0:50,2
20190903,0:51,2
20190903,0:52,2
20190903,0:53,2
20190903,0:54,2
20190903,0:55,2
20190903,0:56,2
20190903,0:57,2
20190903,0:58,2
20190903,0:59,2
20190903,1:00,2
20190903,1:01,2
20190903,1:02,2
20190903,1:03,2
20190903,1:04,2
20190903,1:05,2
20190903,1:06,2
20190903,1:07,2
20190903,1:08,2
20190903,1:09,2
20190903,1:10,2
20190903,1:11,2
20190903,1:12,2
20190903,1:13,2
20190903,1:14,2
20190903,1:15,2
20190903,1:16,2
20190903,1:17,2
20190903,1:18,2
20190903,1:19,2
20190903,1:20,2
20190903,1:21,2
20190903,1:22,2
20190903,1:23,2
20190903,1:24,2
20190903,1:25,1
20190903,1:26,1
20190903,1:27,1
20190903,1:28,1
20190903,1:29,1
20190903,1:30,1
20190903,1:31,1
20190903,1:32,1
20190903,1:33,1
20190903,1:34,1
20190903,1:35,1
20190903,1:36,1
20190903,1:37,1
20190903,1:38,1
20190903,1:39,1
20190903,1:40,1
20190903,1:41,1
20190903,1:42,1
20190903,1:43,1
20190903,1:44,1
20190903,1:45,1
20190903,1:46,1
20190903,1:47,1
20190903,1:48,1
20190903,1:49,1
20190903,1:50,1
20190903,1:51,1
20190903,1:52,1
20190903,1:53,1
20190903,1:54,1
20190903,1:55,1
20190903,1:56,1
20190903,1:57,1
20190903,1:58,1
20190903,1:59,1
20190903,2:00,1
20190903,2:01,1
20190903,2:02,1
20190903,2:03,1
20190903,2:04,1
20190903,2:05,1
20190903,2:06,1
20190903,2:07,1
20190903,2:08,1
20190903,2:09,1
20190903,2:10,1
20190903,2:11,1
20190903,2:12,1
20190903,2:13,1
20190903,2:14,2
20190903,2:15,2
20190903,2:16,2
20190903,2:17,2
20190903,2:18,2
20190903,2:19,2
20190903,2:20,2
20190903,2:21,2
20190903,2:22,2
20190903,2:23,2
20190903,2:24,2
20190903,2:25,2
20190903,2:26,2
20190903,2:27,2
20190903,2:28,2
20190903,2:29,2
20190903,2:30,2
20190903,2:31,2
20190903,2:32,2
20190903,2:33,2
20190903,2:34,2
20190903,2:35,2
20190903,2:36,2
20190903,2:37,2
20190903,2:38,2
20190903,2:39,2
20190903,2:40,2
20190903,2:41,2
20190903,2:42,2
20190903,2:43,2
20190903,2:44,2
20190903,2:45,2
20190903,2:46,2
20190903,2:47,2
20190903,2:48,2
20190903,2:49,2
20190903,2:50,2
20190903,2:51,2
20190903,2:52,2
20190903,2:53,2
20190903,2:54,2
20190903,2:55,2
20190903,2:56,2
20190903,2:57,2
20190903,2:58,2
20190903,2:59,2
20190903,3:00,2
20190903,3:01,2
20190903,3:02,2
20190903,3:03,2
20190903,3:04,2
20190903,3:05,2
20190903,3:06,1
20190903,3:07,1
20190903,3:08,1
20190903,3:09,1
20190903,3:10,1
20190903,3:11,1
20190903,3:12,1
20190903,3:13,1
20190903,3:14,1
20190903,3:15,1
20190903,3:16,1
20190903,3:17,1
20190903,3:18,1
20190903,3:19,1
20190903,3:20,1
20190903,3:21,1
20190903,3:22,1
20190903,3:23,1
20190903,3:24,1
20190903,3:25,1
20190903,3:26,1
20190903,3:27,1
20190903,3:28,1
20190903,3:29,1
20190903,3:30,1
20190903,3:31,2
20190903,3:32,2
20190903,3:33,2
20190903,3:34,2
20190903,3:35,2
20190903,3:36,2
20190903,3:37,2
20190903,3:38,2
20190903,3:39,2
20190903,3:40,2
20190903,3:41,2
20190903,3:42,1
20190903,3:43,1
20190903,3:44,1
20190903,3:45,1
20190903,3:46,1
20190903,3:47,1
20190903,3:48,1
20190903,3:49,1
20190903,3:50,1
20190903,3:51,1
20190903,3:52,1
20190903,3:53,1
20190903,3:54,1
20190903,3:55,1
20190903,3:56,1
20190903,3:57,1
20190903,3:58,1
20190903,3:59,1
20190903,4:00,1
20190903,4:01,1
20190903,4:02,1
20190903,4:03,1
20190903,4:04,1
20190903,4:05,1
20190903,4:06,1
20190903,4:07,1
20190903,4:08,1
20190903,4:09,1
20190903,4:10,1
20190903,4:11,1
20190903,4:12,1
20190903,4:13,1
20190903,4:14,1
20190903,4:15,1
20190903,4:16,1
20190903,4:17,1
20190903,4:18,1
20190903,4:19,1
20190903,4:20,1
20190903,4:21,1
20190903,4:22,1
20190903,4:23,1
20190903,4:24,1
20190903,4:25,1
20190903,4:26,1
20190903,4:27,1
20190903,4:28,1
20190903,4:29,2
20190903,4:30,2
20190903,4:31,2
20190903,4:32,2
20190903,4:33,2
20190903,4:34,2
20190903,4:35,2
20190903,4:36,2
20190903,4:37,2
20190903,4:38,2
20190903,4:39,2
20190903,4:40,2
20190903,4:41,2
20190903,4:42,2
20190903,4:43,2
20190903,4:44,2
20190903,4:45,1
20190903,4:46,1
20190903,4:47,1
20190903,4:48,1
20190903,4:49,1
20190903,4:50,1
20190903,4:51,1
20190903,4:52,1
20190903,4:53,1
20190903,4:54,1
20190903,4:55,2
20190903,4:56,2
20190903,4:57,2
20190903,4:58,2
20190903,4:59,2
20190903,5:00,2
20190903,5:01,2
20190903,5:02,2
20190903,5:03,2
20190903,5:04,2
20190903,5:05,2
20190903,5:06,2
20190903,5:07,2
20190903,5:08,2
20190903,5:09,2
20190903,5:10,2
20190903,5:11,2
20190903,5:12,2
20190903,5:13,2
20190903,5:14,2
20190903,5:15,2
20190903,5:16,2
20190903,5:17,2
20190903,5:18,2
20190903,5:19,2
20190903,5:20,2
20190903,5:21,1
20190903,5:22,1
20190903,5:23,1
20190903,5:24,1
20190903,5:25,1
20190903,5:26,1
20190903,5:27,1
20190903,5:28,1
20190903,5:29,1
20190903,5:30,1
20190903,5:31,1
20190903,5:32,1
20190903,5:33,1
20190903,5:34,1
20190903,5:35,1
20190903,5:36,1
20190903,5:37,1
20190903,5:38,1
20190903,5:39,1
20190903,5:40,1
20190903,5:41,1
20190903,5:42,1
20190903,5:43,1
20190903,5:44,1
20190903,5:45,1
20190903,5:46,1
20190903,5:47,1
20190903,5:48,1
20190903,5:49,1
20190903,5:50,1
20190903,5:51,1
20190903,5:52,1
20190903,5:53,1
20190903,5:54,1
20190903,5:55,1
20190903,5:56,1
20190903,5:57,1
20190903,5:58,1
20190903,5:59,1
20190903,6:00,1
20190903,6:01,1
20190903,6:02,1
20190903,6:03,1
20190903,6:04,1
20190903,6:05,1
20190904,0:01,1
20190904,0:02,1
20190904,0:03,1
20190904,0:04,1
20190904,0:05,1
20190904,0:06,1
20190904,0:07,1
20190904,0:08,1
20190904,0:09,1
20190904,0:10,1
20190904,0:11,2
20190904,0:12,2
20190904,0:13,2
20190904,0:14,2
20190904,0:15,2
20190904,0:16,2
20190904,0:17,2
20190904,0:18,2
20190904,0:19,2
20190904,0:20,2
20190904,0:21,2
20190904,0:22,2
20190904,0:23,2
20190904,0:24,2
20190904,0:25,2
20190904,0:26,2
20190904,0:27,2
20190904,0:28,2
20190904,0:29,2
20190904,0:30,2
20190904,0:31,2
20190904,0:32,2
20190904,0:33,1
20190904,0:34,1
20190904,0:35,1
20190904,0:36,1
20190904,0:37,1
20190904,0:38,1
20190904,0:39,1
20190904,0:40,1
20190904,0:41,1
20190904,0:42,1
20190904,0:43,1
20190904,0:44,1
20190904,0:45,1
20190904,0:46,1
20190904,0:47,1
20190904,0:48,1
20190904,0:49,1
20190904,0:50,1
20190904,0:51,1
20190904,0:52,1
20190904,0:53,1
20190904,0:54,1
20190904,0:55,1
20190904,0:56,1
20190904,0:57,1
20190904,0:58,1
20190904,0:59,1
20190904,1:00,1
20190904,1:01,1
20190904,1:02,1
20190904,1:03,1
20190904,1:04,1
20190904,1:05,1
20190904,1:06,1
20190904,1:07,1
20190904,1:08,1
20190904,1:09,1
20190904,1:10,1
20190904,1:11,1
20190904,1:12,2
20190904,1:13,2
20190904,1:14,2
20190904,1:15,2
20190904,1:16,2
20190904,1:17,2
20190904,1:18,2
20190904,1:19,2
20190904,1:20,2
20190904,1:21,2
20190904,1:22,2
20190904,1:23,2
20190904,1:24,2
20190904,1:25,2
20190904,1:26,2
20190904,1:27,2
20190904,1:28,2
20190904,1:29,2
20190904,1:30,2
20190904,1:31,2
20190904,1:32,2
20190904,1:33,1
20190904,1:34,1
20190904,1:35,1
20190904,1:36,1
20190904,1:37,1
20190904,1:38,1
20190904,1:39,1
20190904,1:40,1
20190904,1:41,1
20190904,1:42,1
20190904,1:43,2
20190904,1:44,2
20190904,1:45,2
20190904,1:46,2
20190904,1:47,2
20190904,1:48,2
20190904,1:49,2
20190904,1:50,2
20190904,1:51,2
20190904,1:52,2
20190904,1:53,2
20190904,1:54,1
20190904,1:55,1
20190904,1:56,1
20190904,1:57,1
20190904,1:58,1
20190904,1:59,1
20190904,2:00,1
20190904,2:01,1
20190904,2:02,1
20190904,2:03,1
20190904,2:04,1
20190904,2:05,1
20190904,2:06,1
20190904,2:07,1
20190904,2:08,1
20190904,2:09,1
20190904,2:10,1
20190904,2:11,1
20190904,2:12,1
20190904,2:13,1
20190904,2:14,1
20190904,2:15,1
20190904,2:16,1
20190904,2:17,1
20190904,2:18,1
20190904,2:19,1
20190904,2:20,1
20190904,2:21,1
20190904,2:22,1
20190904,2:23,1
20190904,2:24,1
20190904,2:25,1
20190904,2:26,1
20190904,2:27,1
20190904,2:28,1
20190904,2:29,1
20190904,2:30,1
20190904,2:31,1
20190904,2:32,1
20190904,2:33,1
20190904,2:34,1
20190904,2:35,1
20190904,2:36,1
20190904,2:37,1
20190904,2:38,1
20190904,2:39,1
20190904,2:40,1
20190904,2:41,1
20190904,2:42,1
20190904,2:43,1
20190904,2:44,1
20190904,2:45,1
20190904,2:46,1
20190904,2:47,1
20190904,2:48,1
20190904,2:49,1
20190904,2:50,1
20190904,2:51,1
20190904,2:52,2
20190904,2:53,2
20190904,2:54,2
20190904,2:55,2
20190904,2:56,2
20190904,2:57,2
20190904,2:58,2
20190904,2:59,2
20190904,3:00,2
20190904,3:01,2
20190904,3:02,2
20190904,3:03,2
20190904,3:04,2
20190904,3:05,2
20190904,3:06,1
20190904,3:07,1
20190904,3:08,1
20190904,3:09,1
20190904,3:10,1
20190904,3:11,1
20190904,3:12,1
20190904,3:13,1
20190904,3:14,1
20190904,3:15,1
20190904,3:16,1
20190904,3:17,2
20190904,3:18,2
20190904,3:19,2
20190904,3:20,2
20190904,3:21,2
20190904,3:22,2
20190904,3:23,2
20190904,3:24,2
20190904,3:25,2
20190904,3:26,2
20190904,3:27,2
20190904,3:28,2
20190904,3:29,2
20190904,3:30,2
20190904,3:31,2
20190904,3:32,2
20190904,3:33,1
20190904,3:34,1
20190904,3:35,1
20190904,3:36,1
20190904,3:37,1
20190904,3:38,1
20190904,3:39,1
20190904,3:40,1
20190904,3:41,1
20190904,3:42,1
20190904,3:43,2
20190904,3:44,2
20190904,3:45,2
20190904,3:46,2
20190904,3:47,2
20190904,3:48,2
20190904,3:49,2
20190904,3:50,2
20190904,3:51,2
20190904,3:52,2
20190904,3:53,2
20190904,3:54,2
20190904,3:55,2
20190904,3:56,2
20190904,3:57,2
20190904,3:58,2
20190904,3:59,2
20190904,4:00,2
20190904,4:01,2
20190904,4:02,2
20190904,4:03,1
20190904,4:04,1
20190904,4:05,1
20190904,4:06,1
20190904,4:07,1
20190904,4:08,1
20190904,4:09,1
20190904,4:10,1
20190904,4:11,1
20190904,4:12,1
20190904,4:13,1
20190904,4:14,1
20190904,4:15,1
20190904,4:16,1
20190904,4:17,2
20190904,4:18,2
20190904,4:19,2
20190904,4:20,2
20190904,4:21,2
20190904,4:22,2
20190904,4:23,2
20190904,4:24,2
20190904,4:25,2
20190904,4:26,2
20190904,4:27,2
20190904,4:28,2
20190904,4:29,2
20190904,4:30,2
20190904,4:31,2
20190904,4:32,2
20190904,4:33,2
20190904,4:34,2
20190904,4:35,2
20190904,4:36,2
20190904,4:37,2
20190904,4:38,1
20190904,4:39,1
20190904,4:40,1
20190904,4:41,1
20190904,4:42,1
20190904,4:43,1
20190904,4:44,1
20190904,4:45,1
20190904,4:46,1
20190904,4:47,1
20190904,4:48,2
20190904,4:49,2
20190904,4:50,2
20190904,4:51,2
20190904,4:52,2
20190904,4:53,2
20190904,4:54,2
20190904,4:55,2
20190904,4:56,2
20190904,4:57,2
20190904,4:58,2
20190904,4:59,2
20190904,5:00,2
20190904,5:01,2
20190904,5:02,2
20190904,5:03,2
20190904,5:04,2
20190904,5:05,2
20190904,5:06,2
20190904,5:07,2
20190904,5:08,2
20190904,5:09,2
20190904,5:10,1
20190904,5:11,1
20190904,5:12,1
20190904,5:13,1
20190904,5:14,1
20190904,5:15,1
20190904,5:16,1
20190904,5:17,1
20190904,5:18,1
20190904,5:19,1
20190904,5:20,1
20190904,5:21,1
20190904,5:22,1
20190904,5:23,1
20190904,5:24,1
20190904,5:25,1
20190904,5:26,1
20190904,5:27,1
20190904,5:28,1
20190904,5:29,1
20190904,5:30,1
20190904,5:31,1
20190904,5:32,1
20190904,5:33,1
20190904,5:34,1
20190904,5:35,1
20190904,5:36,1
20190904,5:37,1
20190904,5:38,1
20190904,5:39,1
20190904,5:40,1
20190904,5:41,1
20190904,5:42,1
20190904,5:43,1
20190904,5:44,1
20190904,5:45,1
20190904,5:46,1
20190904,5:47,1
20190904,5:48,1
20190904,5:49,1
20190904,5:50,1
20190904,5:51,1
20190904,5:52,1
20190904,5:53,1
20190904,5:54,1
20190904,5:55,1
20190904,5:56,1
20190904,5:57,1
20190904,5:58,1
20190904,5:59,1
20190904,6:00,1
20190904,6:01,1
20190904,6:02,1
20190904,6:03,1
20190904,6:04,1
20190904,6:05,1
20190904,6:06,1
20190904,6:07,1
20190904,6:08,1
20190904,6:09,1
20190904,6:10,1
20190904,6:11,1
20190904,6:12,1
20190905,0:05,1
20190905,0:06,1
20190905,0:07,1
20190905,0:08,1
20190905,0:09,1
20190905,0:10,1
20190905,0:11,1
20190905,0:12,1
20190905,0:13,1
20190905,0:14,1
20190905,0:15,2
20190905,0:16,2
20190905,0:17,2
20190905,0:18,2
20190905,0:19,2
20190905,0:20,2
20190905,0:21,2
20190905,0:22,2
20190905,0:23,2
20190905,0:24,2
20190905,0:25,2
20190905,0:26,2
20190905,0:27,2
20190905,0:28,2
20190905,0:29,2
20190905,0:30,2
20190905,0:31,2
20190905,0:32,2
20190905,0:33,2
20190905,0:34,2
20190905,0:35,2
20190905,0:36,2
20190905,0:37,2
20190905,0:38,2
20190905,0:39,2
20190905,0:40,2
20190905,0:41,2
20190905,0:42,2
20190905,0:43,2
20190905,0:44,2
20190905,0:45,2
20190905,0:46,2
20190905,0:47,2
20190905,0:48,2
20190905,0:49,2
20190905,0:50,2
20190905,0:51,1
20190905,0:52,1
20190905,0:53,1
20190905,0:54,1
20190905,0:55,1
20190905,0:56,1
20190905,0:57,1
20190905,0:58,1
20190905,0:59,1
20190905,1:00,1
20190905,1:01,1
20190905,1:02,1
20190905,1:03,1
20190905,1:04,1
20190905,1:05,1
20190905,1:06,1
20190905,1:07,1
20190905,1:08,1
20190905,1:09,1
20190905,1:10,1
20190905,1:11,1
20190905,1:12,1
20190905,1:13,1
20190905,1:14,1
20190905,1:15,1
20190905,1:16,1
20190905,1:17,1
20190905,1:18,1
20190905,1:19,1
20190905,1:20,1
20190905,1:21,1
20190905,1:22,1
20190905,1:23,1
20190905,1:24,1
20190905,1:25,1
20190905,1:26,1
20190905,1:27,1
20190905,1:28,1
20190905,1:29,1
20190905,1:30,1
20190905,1:31,1
20190905,1:32,1
20190905,1:33,1
20190905,1:34,1
20190905,1:35,1
20190905,1:36,1
20190905,1:37,1
20190905,1:38,1
20190905,1:39,1
20190905,1:40,1
20190905,1:41,1
20190905,1:42,1
20190905,1:43,1
20190905,1:44,1
20190905,1:45,1
20190905,1:46,1
20190905,1:47,1
20190905,1:48,1
20190905,1:49,1
20190905,1:50,1
20190905,1:51,2
20190905,1:52,2
20190905,1:53,2
20190905,1:54,2
20190905,1:55,2
20190905,1:56,2
20190905,1:57,2
20190905,1:58,2
20190905,1:59,2
20190905,2:00,2
20190905,2:01,2
20190905,2:02,2
20190905,2:03,2
20190905,2:04,2
20190905,2:05,2
20190905,2:06,2
20190905,2:07,2
20190905,2:08,2
20190905,2:09,1
20190905,2:10,1
20190905,2:11,1
20190905,2:12,1
20190905,2:13,1
20190905,2:14,1
20190905,2:15,1
20190905,2:16,1
20190905,2:17,1
20190905,2:18,1
20190905,2:19,2
20190905,2:20,2
20190905,2:21,2
20190905,2:22,2
20190905,2:23,2
20190905,2:24,2
20190905,2:25,2
20190905,2:26,2
20190905,2:27,2
20190905,2:28,2
20190905,2:29,2
20190905,2:30,2
20190905,2:31,2
20190905,2:32,2
20190905,2:33,2
20190905,2:34,2
20190905,2:35,2
20190905,2:36,2
20190905,2:37,1
20190905,2:38,1
20190905,2:39,1
20190905,2:40,1
20190905,2:41,1
20190905,2:42,1
20190905,2:43,1
20190905,2:44,1
20190905,2:45,1
20190905,2:46,1
20190905,2:47,1
20190905,2:48,1
20190905,2:49,1
20190905,2:50,1
20190905,2:51,1
20190905,2:52,1
20190905,2:53,1
20190905,2:54,1
20190905,2:55,1
20190905,2:56,1
20190905,2:57,1
20190905,2:58,1
20190905,2:59,1
20190905,3:00,1
20190905,3:01,1
20190905,3:02,1
20190905,3:03,1
20190905,3:04,1
20190905,3:05,1
20190905,3:06,1
20190905,3:07,1
20190905,3:08,2
20190905,3:09,2
20190905,3:10,2
20190905,3:11,2
20190905,3:12,2
20190905,3:13,2
20190905,3:14,2
20190905,3:15,2
20190905,3:16,2
20190905,3:17,2
20190905,3:18,2
20190905,3:19,2
20190905,3:20,2
20190905,3:21,2
20190905,3:22,2
20190905,3:23,2
20190905,3:24,2
20190905,3:25,2
20190905,3:26,2
20190905,3:27,2
20190905,3:28,2
20190905,3:29,2
20190905,3:30,2
20190905,3:31,2
20190905,3:32,2
20190905,3:33,2
20190905,3:34,2
20190905,3:35,2
20190905,3:36,2
20190905,3:37,2
20190905,3:38,2
20190905,3:39,2
20190905,3:40,2
20190905,3:41,2
20190905,3:42,2
20190905,3:43,1
20190905,3:44,1
20190905,3:45,1
20190905,3:46,1
20190905,3:47,1
20190905,3:48,1
20190905,3:49,1
20190905,3:50,1
20190905,3:51,1
20190905,3:52,1
20190905,3:53,1
20190905,3:54,1
20190905,3:55,1
20190905,3:56,1
20190905,3:57,1
20190905,3:58,1
20190905,3:59,1
20190905,4:00,1
20190905,4:01,1
20190905,4:02,1
20190905,4:03,1
20190905,4:04,1
20190905,4:05,1
20190905,4:06,1
20190905,4:07,1
20190905,4:08,1
20190905,4:09,1
20190905,4:10,1
20190905,4:11,2
20190905,4:12,2
20190905,4:13,2
20190905,4:14,2
20190905,4:15,2
20190905,4:16,2
20190905,4:17,2
20190905,4:18,2
20190905,4:19,2
20190905,4:20,2
20190905,4:21,2
20190905,4:22,2
20190905,4:23,2
20190905,4:24,2
20190905,4:25,2
20190905,4:26,2
20190905,4:27,2
20190905,4:28,1
20190905,4:29,1
20190905,4:30,1
20190905,4:31,1
20190905,4:32,1
20190905,4:33,1
20190905,4:34,1
20190905,4:35,1
20190905,4:36,1
20190905,4:37,1
20190905,4:38,2
20190905,4:39,2
20190905,4:40,2
20190905,4:41,2
20190905,4:42,2
20190905,4:43,2
20190905,4:44,2
20190905,4:45,2
20190905,4:46,2
20190905,4:47,2
20190905,4:48,2
20190905,4:49,2
20190905,4:50,2
20190905,4:51,2
20190905,4:52,2
20190905,4:53,2
20190905,4:54,2
20190905,4:55,2
20190905,4:56,1
20190905,4:57,1
20190905,4:58,1
20190905,4:59,1
20190905,5:00,1
20190905,5:01,1
20190905,5:02,1
20190905,5:03,1
20190905,5:04,1
20190905,5:05,1
20190905,5:06,1
20190905,5:07,1
20190905,5:08,1
20190905,5:09,1
20190905,5:10,1
20190905,5:11,1
20190905,5:12,1
20190905,5:13,1
20190905,5:14,1
20190905,5:15,1
20190905,5:16,1
20190905,5:17,1
20190905,5:18,1
20190905,5:19,1
20190905,5:20,1
20190905,5:21,1
20190905,5:22,1
20190905,5:23,1
20190905,5:24,1
20190905,5:25,1
20190905,5:26,1
20190905,5:27,1
20190905,5:28,1
20190905,5:29,1
20190905,5:30,1
20190905,5:31,1
20190905,5:32,1
20190905,5:33,1
20190905,5:34,1
20190905,5:35,1
20190905,5:36,1
20190905,5:37,1
20190905,5:38,1
20190905,5:39,1
20190905,5:40,1
20190905,5:41,1
20190905,5:42,1
20190905,5:43,1
20190905,5:44,1
20190905,5:45,1
20190905,5:46,1
20190905,5:47,1
20190905,5:48,1
20190905,5:49,2
20190905,5:50,2
20190905,5:51,2
20190905,5:52,2
20190905,5:53,2
20190905,5:54,2
20190905,5:55,2
20190905,5:56,2
20190905,5:57,2
20190905,5:58,2
20190905,5:59,1
20190905,6:00,1
20190905,6:01,1
20190905,6:02,1
20190905,6:03,1
20190905,6:04,1
20190905,6:05,1
20190905,6:06,1
20190905,6:07,1
20190905,6:08,1
20190905,6:09,1
20190905,6:10,1
20190905,6:11,1
20190905,6:12,1
20190905,6:13,1
20190905,6:14,1
20190905,6:15,1
20190905,6:16,1
20190905,6:17,1
20190905,6:18,1
20190905,6:19,1
20190905,6:20,1
20190905,6:21,1
20190905,6:22,1
20190905,6:23,1
20190905,6:24,1
20190905,6:25,1
20190905,6:26,1
20190905,6:27,1
20190905,6:28,1
20190905,6:29,1
20190905,6:30,1
20190905,6:31,1
20190905,6:32,1
20190905,6:33,1
20190905,6:34,1
20190905,6:35,1
20190905,6:36,1
20190905,6:37,1
20190905,6:38,1
20190905,6:39,1
20190905,6:40,1
20190905,6:41,1
20190905,6:42,1
20190905,6:43,1
20190905,6:44,1
20190905,6:45,1
20190905,6:46,1
20190905,6:47,1
20190905,6:48,1
20190905,6:49,1
20190905,6:50,1
20190905,6:51,1
20190905,6:52,1
20190905,6:53,1
20190905,6:54,1
20190905,6:55,1
20190905,6:56,1
20190905,6:57,1
20190905,6:58,1
20190905,6:59,1
20190905,7:00,1
20190905,7:01,1
20190905,7:02,1
20190905,7:03,1
20190905,7:04,1
20190905,7:05,1
20190905,7:06,1
20190905,7:07,1
20190905,7:08,1
20190905,7:09,1
20190905,7:10,1
20190905,7:11,1
20190905,7:12,1
20190905,7:13,1
20190905,7:14,1
20190905,7:15,1
20190905,7:16,1
20190905,7:17,1
20190905,7:18,1
20190905,7:19,1
20190905,7:20,1
20190905,7:21,1
20190905,7:22,1
20190905,7:23,1
20190905,7:24,1
20190905,7:25,1
20190905,7:26,1
20190905,7:27,1
20190905,7:28,1
20190905,7:29,1
20190905,7:30,1
20190905,7:31,1
20190905,7:32,1
20190905,7:33,1
20190905,7:34,1
20190905,7:35,1
20190905,7:36,1
20190905,7:37,1
20190905,7:38,1
20190905,7:39,1
20190905,7:40,1
20190905,7:41,1
20190905,7:42,1
20190905,7:43,1
20190905,7:44,1
20190905,7:45,1
20190905,7:46,1
20190905,7:47,1
20190905,7:48,1
20190905,7:49,1
20190905,7:50,1
20190905,7:51,1
20190905,7:52,1
20190908,0:49,1
20190908,0:50,1
20190908,0:51,1
20190908,0:52,1
20190908,0:53,1
20190908,0:54,1
20190908,0:55,1
20190908,0:56,1
20190908,0:57,1
20190908,0:58,1
20190908,0:59,2
20190908,1:00,2
20190908,1:01,2
20190908,1:02,2
20190908,1:03,2
20190908,1:04,2
20190908,1:05,2
20190908,1:06,2
20190908,1:07,2
20190908,1:08,2
20190908,1:09,2
20190908,1:10,2
20190908,1:11,2
20190908,1:12,2
20190908,1:13,2
20190908,1:14,2
20190908,1:15,2
20190908,1:16,2
20190908,1:17,2
20190908,1:18,2
20190908,1:19,2
20190908,1:20,2
20190908,1:21,2
20190908,1:22,2
20190908,1:23,2
20190908,1:24,2
20190908,1:25,2
20190908,1:26,2
20190908,1:27,2
20190908,1:28,2
20190908,1:29,2
20190908,1:30,2
20190908,1:31,2
20190908,1:32,2
20190908,1:33,2
20190908,1:34,2
20190908,1:35,2
20190908,1:36,2
20190908,1:37,2
20190908,1:38,2
20190908,1:39,2
20190908,1:40,2
20190908,1:41,2
20190908,1:42,2
20190908,1:43,2
20190908,1:44,2
20190908,1:45,2
20190908,1:46,2
20190908,1:47,2
20190908,1:48,2
20190908,1:49,2
20190908,1:50,2
20190908,1:51,2
20190908,1:52,2
20190908,1:53,2
20190908,1:54,1
20190908,1:55,1
20190908,1:56,1
20190908,1:57,1
20190908,1:58,1
20190908,1:59,1
20190908,2:00,1
20190908,2:01,1
20190908,2:02,1
20190908,2:03,1
20190908,2:04,1
20190908,2:05,1
20190908,2:06,1
20190908,2:07,1
20190908,2:08,1
20190908,2:09,1
20190908,2:10,2
20190908,2:11,2
20190908,2:12,2
20190908,2:13,2
20190908,2:14,2
20190908,2:15,2
20190908,2:16,2
20190908,2:17,2
20190908,2:18,2
20190908,2:19,2
20190908,2:20,2
20190908,2:21,2
20190908,2:22,2
20190908,2:23,2
20190908,2:24,2
20190908,2:25,2
20190908,2:26,2
20190908,2:27,2
20190908,2:28,2
20190908,2:29,2
20190908,2:30,2
20190908,2:31,2
20190908,2:32,2
20190908,2:33,2
20190908,2:34,2
20190908,2:35,2
20190908,2:36,2
20190908,2:37,2
20190908,2:38,2
20190908,2:39,2
20190908,2:40,2
20190908,2:41,2
20190908,2:42,2
20190908,2:43,2
20190908,2:44,1
20190908,2:45,1
20190908,2:46,1
20190908,2:47,1
20190908,2:48,1
20190908,2:49,1
20190908,2:50,1
20190908,2:51,1
20190908,2:52,1
20190908,2:53,1
20190908,2:54,2
20190908,2:55,2
20190908,2:56,2
20190908,2:57,2
20190908,2:58,2
20190908,2:59,2
20190908,3:00,2
20190908,3:01,2
20190908,3:02,2
20190908,3:03,2
20190908,3:04,2
20190908,3:05,2
20190908,3:06,2
20190908,3:07,2
20190908,3:08,2
20190908,3:09,2
20190908,3:10,2
20190908,3:11,1
20190908,3:12,1
20190908,3:13,1
20190908,3:14,1
20190908,3:15,1
20190908,3:16,1
20190908,3:17,1
20190908,3:18,1
20190908,3:19,1
20190908,3:20,1
20190908,3:21,2
20190908,3:22,2
20190908,3:23,2
20190908,3:24,2
20190908,3:25,2
20190908,3:26,2
20190908,3:27,2
20190908,3:28,2
20190908,3:29,2
20190908,3:30,2
20190908,3:31,2
20190908,3:32,2
20190908,3:33,2
20190908,3:34,2
20190908,3:35,1
20190908,3:36,1
20190908,3:37,1
20190908,3:38,1
20190908,3:39,1
20190908,3:40,1
20190908,3:41,1
20190908,3:42,1
20190908,3:43,1
20190908,3:44,1
20190908,3:45,1
20190908,3:46,1
20190908,3:47,1
20190908,3:48,1
20190908,3:49,1
20190908,3:50,1
20190908,3:51,1
20190908,3:52,1
20190908,3:53,1
20190908,3:54,1
20190908,3:55,1
20190908,3:56,1
20190908,3:57,1
20190908,3:58,1
20190908,3:59,1
20190908,4:00,1
20190908,4:01,1
20190908,4:02,1
20190908,4:03,1
20190908,4:04,1
20190908,4:05,1
20190908,4:06,1
20190908,4:07,1
20190908,4:08,1
20190908,4:09,1
20190908,4:10,1
20190908,4:11,1
20190908,4:12,1
20190908,4:13,1
20190908,4:14,1
20190908,4:15,1
20190908,4:16,1
20190908,4:17,1
20190908,4:18,1
20190908,4:19,1
20190908,4:20,1
20190908,4:21,1
20190908,4:22,1
20190908,4:23,1
20190908,4:24,1
20190908,4:25,1
20190908,4:26,1
20190908,4:27,1
20190908,4:28,1
20190908,4:29,1
20190908,4:30,1
20190908,4:31,1
20190908,4:32,1
20190908,4:33,1
20190908,4:34,1
20190908,4:35,1
20190908,4:36,1
20190908,4:37,1
20190908,4:38,1
20190908,4:39,1
20190908,4:40,1
20190908,4:41,1
20190908,4:42,1
20190908,4:43,1
20190908,4:44,1
20190908,4:45,1
20190908,4:46,1
20190908,4:47,1
20190908,4:48,1
20190908,4:49,2
20190908,4:50,2
20190908,4:51,2
20190908,4:52,2
20190908,4:53,2
20190908,4:54,2
20190908,4:55,2
20190908,4:56,2
20190908,4:57,2
20190908,4:58,2
20190908,4:59,2
20190908,5:00,1
20190908,5:01,1
20190908,5:02,1
20190908,5:03,1
20190908,5:04,1
20190908,5:05,1
20190908,5:06,1
20190908,5:07,1
20190908,5:08,1
20190908,5:09,1
20190908,5:10,1
20190908,5:11,1
20190908,5:12,1
20190908,5:13,1
20190908,5:14,1
20190908,5:15,1
20190908,5:16,1
20190908,5:17,1
20190908,5:18,1
20190908,5:19,1
20190908,5:20,1
20190908,5:21,1
20190908,5:22,1
20190908,5:23,1
20190908,5:24,1
20190908,5:25,1
20190908,5:26,1
20190908,5:27,1
20190908,5:28,1
20190908,5:29,1
20190908,5:30,1
20190908,5:31,1
20190908,5:32,1
20190908,5:33,1
20190908,5:34,1
20190908,5:35,1
20190908,5:36,1
20190908,5:37,1
20190908,5:38,1
20190908,5:39,1
20190908,5:40,1
20190908,5:41,1
20190908,5:42,1
20190908,5:43,1
20190908,5:44,1
20190908,5:45,1
20190908,5:46,1
20190908,5:47,1
20190908,5:48,1
20190908,5:49,1
20190908,5:50,1
20190908,5:51,1
20190908,5:52,1
20190908,5:53,1
20190908,5:54,1
20190908,5:55,1
20190908,5:56,1
20190908,5:57,1
20190908,5:58,1
20190908,5:59,1
20190908,6:00,1
20190908,6:01,1
20190908,6:02,1
20190908,6:03,1
20190908,6:04,1
20190908,6:05,1
20190908,6:06,1
20190908,6:07,1
20190909,23:57,1
20190909,23:58,1
20190909,23:59,1
20190909,0:00,1
20190909,0:01,1
20190909,0:02,1
20190909,0:03,1
20190909,0:04,1
20190909,0:05,1
20190909,0:06,1
20190909,0:07,1
20190909,0:08,1
20190909,0:09,1
20190909,0:10,1
20190909,0:11,1
20190909,0:12,1
20190909,0:13,1
20190909,0:14,1
20190909,0:15,1
20190909,0:16,1
20190909,0:17,1
20190909,0:18,1
20190909,0:19,1
20190909,0:20,1
20190909,0:21,1
20190909,0:22,1
20190909,0:23,1
20190909,0:24,1
20190909,0:25,1
20190909,0:26,1
20190909,0:27,2
20190909,0:28,2
20190909,0:29,2
20190909,0:30,2
20190909,0:31,2
20190909,0:32,2
20190909,0:33,2
20190909,0:34,2
20190909,0:35,2
20190909,0:36,2
20190909,0:37,2
20190909,0:38,2
20190909,0:39,2
20190909,0:40,2
20190909,0:41,2
20190909,0:42,2
20190909,0:43,2
20190909,0:44,2
20190909,0:45,2
20190909,0:46,2
20190909,0:47,2
20190909,0:48,2
20190909,0:49,2
20190909,0:50,2
20190909,0:51,2
20190909,0:52,2
20190909,0:53,2
20190909,0:54,2
20190909,0:55,2
20190909,0:56,2
20190909,0:57,2
20190909,0:58,1
20190909,0:59,1
20190909,1:00,1
20190909,1:01,1
20190909,1:02,1
20190909,1:03,1
20190909,1:04,1
20190909,1:05,1
20190909,1:06,1
20190909,1:07,1
20190909,1:08,1
20190909,1:09,2
20190909,1:10,2
20190909,1:11,2
20190909,1:12,2
20190909,1:13,2
20190909,1:14,2
20190909,1:15,2
20190909,1:16,2
20190909,1:17,2
20190909,1:18,2
20190909,1:19,2
20190909,1:20,2
20190909,1:21,2
20190909,1:22,2
20190909,1:23,2
20190909,1:24,2
20190909,1:25,1
20190909,1:26,1
20190909,1:27,1
20190909,1:28,1
20190909,1:29,1
20190909,1:30,1
20190909,1:31,1
20190909,1:32,1
20190909,1:33,1
20190909,1:34,1
20190909,1:35,1
20190909,1:36,1
20190909,1:37,1
20190909,1:38,1
20190909,1:39,1
20190909,1:40,1
20190909,1:41,1
20190909,1:42,1
20190909,1:43,1
20190909,1:44,1
20190909,1:45,1
20190909,1:46,1
20190909,1:47,1
20190909,1:48,1
20190909,1:49,1
20190909,1:50,1
20190909,1:51,1
20190909,1:52,1
20190909,1:53,1
20190909,1:54,1
20190909,1:55,2
20190909,1:56,2
20190909,1:57,2
20190909,1:58,2
20190909,1:59,2
20190909,2:00,2
20190909,2:01,2
20190909,2:02,2
20190909,2:03,2
20190909,2:04,2
20190909,2:05,2
20190909,2:06,2
20190909,2:07,2
20190909,2:08,2
20190909,2:09,2
20190909,2:10,2
20190909,2:11,1
20190909,2:12,1
20190909,2:13,1
20190909,2:14,1
20190909,2:15,1
20190909,2:16,1
20190909,2:17,1
20190909,2:18,1
20190909,2:19,1
20190909,2:20,1
20190909,2:21,1
20190909,2:22,1
20190909,2:23,1
20190909,2:24,1
20190909,2:25,1
20190909,2:26,1
20190909,2:27,1
20190909,2:28,1
20190909,2:29,1
20190909,2:30,1
20190909,2:31,1
20190909,2:32,1
20190909,2:33,1
20190909,2:34,1
20190909,2:35,1
20190909,2:36,1
20190909,2:37,1
20190909,2:38,1
20190909,2:39,1
20190909,2:40,1
20190909,2:41,1
20190909,2:42,1
20190909,2:43,1
20190909,2:44,1
20190909,2:45,1
20190909,2:46,1
20190909,2:47,1
20190909,2:48,1
20190909,2:49,1
20190909,2:50,1
20190909,2:51,1
20190909,2:52,1
20190909,2:53,1
20190909,2:54,1
20190909,2:55,1
20190909,2:56,1
20190909,2:57,1
20190909,2:58,1
20190909,2:59,1
20190909,3:00,1
20190909,3:01,1
20190909,3:02,1
20190909,3:03,1
20190909,3:04,1
20190909,3:05,1
20190909,3:06,1
20190909,3:07,1
20190909,3:08,1
20190909,3:09,1
20190909,3:10,1
20190909,3:11,1
20190909,3:12,1
20190909,3:13,1
20190909,3:14,1
20190909,3:15,1
20190909,3:16,1
20190909,3:17,1
20190909,3:18,1
20190909,3:19,1
20190909,3:20,1
20190909,3:21,1
20190909,3:22,1
20190909,3:23,1
20190909,3:24,2
20190909,3:25,2
20190909,3:26,2
20190909,3:27,2
20190909,3:28,2
20190909,3:29,2
20190909,3:30,2
20190909,3:31,2
20190909,3:32,2
20190909,3:33,2
20190909,3:34,2
20190909,3:35,1
20190909,3:36,1
20190909,3:37,1
20190909,3:38,1
20190909,3:39,1
20190909,3:40,1
20190909,3:41,1
20190909,3:42,1
20190909,3:43,1
20190909,3:44,1
20190909,3:45,2
20190909,3:46,2
20190909,3:47,2
20190909,3:48,2
20190909,3:49,2
20190909,3:50,2
20190909,3:51,2
20190909,3:52,2
20190909,3:53,2
20190909,3:54,2
20190909,3:55,2
20190909,3:56,2
20190909,3:57,2
20190909,3:58,2
20190909,3:59,2
20190909,4:00,2
20190909,4:01,2
20190909,4:02,2
20190909,4:03,2
20190909,4:04,2
20190909,4:05,2
20190909,4:06,2
20190909,4:07,2
20190909,4:08,1
20190909,4:09,1
20190909,4:10,1
20190909,4:11,1
20190909,4:12,1
20190909,4:13,1
20190909,4:14,1
20190909,4:15,1
20190909,4:16,1
20190909,4:17,1
20190909,4:18,2
20190909,4:19,2
20190909,4:20,2
20190909,4:21,2
20190909,4:22,2
20190909,4:23,2
20190909,4:24,2
20190909,4:25,2
20190909,4:26,2
20190909,4:27,2
20190909,4:28,2
20190909,4:29,2
20190909,4:30,2
20190909,4:31,2
20190909,4:32,2
20190909,4:33,2
20190909,4:34,2
20190909,4:35,2
20190909,4:36,2
20190909,4:37,1
20190909,4:38,1
20190909,4:39,1
20190909,4:40,1
20190909,4:41,1
20190909,4:42,1
20190909,4:43,1
20190909,4:44,1
20190909,4:45,1
20190909,4:46,1
20190909,4:47,1
20190909,4:48,1
20190909,4:49,1
20190909,4:50,1
20190909,4:51,1
20190909,4:52,1
20190909,4:53,1
20190909,4:54,1
20190909,4:55,1
20190909,4:56,1
20190909,4:57,1
20190909,4:58,1
20190909,4:59,1
20190909,5:00,1
20190909,5:01,1
20190909,5:02,1
20190909,5:03,1
20190909,5:04,1
20190909,5:05,1
20190909,5:06,1
20190909,5:07,1
20190909,5:08,1
20190909,5:09,1
20190909,5:10,1
20190909,5:11,1
20190909,5:12,1
20190909,5:13,1
20190909,5:14,1
20190909,5:15,1
20190909,5:16,1
20190909,5:17,1
20190909,5:18,1
20190909,5:19,1
20190909,5:20,1
20190909,5:21,1
20190909,5:22,1
20190909,5:23,1
20190909,5:24,1
20190909,5:25,1
20190909,5:26,1
20190909,5:27,1
20190909,5:28,1
20190909,5:29,1
20190909,5:30,1
20190909,5:31,1
20190909,5:32,1
20190909,5:33,1
20190909,5:34,1
20190909,5:35,1
20190909,5:36,1
20190909,5:37,1
20190909,5:38,1
20190909,5:39,1
20190909,5:40,1
20190909,5:41,1
20190909,5:42,1
20190909,5:43,1
20190909,5:44,1
20190909,5:45,1
20190909,5:46,1
20190909,5:47,1
20190909,5:48,1
20190909,5:49,1
20190909,5:50,1
20190909,5:51,1
20190909,5:52,1
20190909,5:53,1
20190909,5:54,1
20190909,5:55,1
20190909,5:56,1
20190909,5:57,1
20190909,5:58,1
20190909,5:59,1
20190909,6:00,1
20190909,6:01,1
20190909,6:02,1
20190909,6:03,1
20190909,6:04,1
20190909,6:05,1
20190909,6:06,1
20190909,6:07,1
20190909,6:08,1
20190909,6:09,1
20190909,6:10,1
20190909,6:11,1
20190909,6:12,1
20190909,6:13,1
20190910,23:59,1
20190910,0:00,1
20190910,0:01,1
20190910,0:02,1
20190910,0:03,1
20190910,0:04,1
20190910,0:05,1
20190910,0:06,1
20190910,0:07,1
20190910,0:08,1
20190910,0:09,2
20190910,0:10,2
20190910,0:11,2
20190910,0:12,2
20190910,0:13,2
20190910,0:14,2
20190910,0:15,2
20190910,0:16,2
20190910,0:17,2
20190910,0:18,2
20190910,0:19,2
20190910,0:20,2
20190910,0:21,2
20190910,0:22,2
20190910,0:23,2
20190910,0:24,2
20190910,0:25,2
20190910,0:26,2
20190910,0:27,2
20190910,0:28,2
20190910,0:29,2
20190910,0:30,2
20190910,0:31,2
20190910,0:32,2
20190910,0:33,2
20190910,0:34,2
20190910,0:35,2
20190910,0:36,2
20190910,0:37,2
20190910,0:38,2
20190910,0:39,2
20190910,0:40,2
20190910,0:41,2
20190910,0:42,2
20190910,0:43,2
20190910,0:44,2
20190910,0:45,2
20190910,0:46,2
20190910,0:47,2
20190910,0:48,2
20190910,0:49,2
20190910,0:50,2
20190910,0:51,2
20190910,0:52,2
20190910,0:53,2
20190910,0:54,2
20190910,0:55,2
20190910,0:56,2
20190910,0:57,2
20190910,0:58,2
20190910,0:59,2
20190910,1:00,2
20190910,1:01,2
20190910,1:02,2
20190910,1:03,2
20190910,1:04,2
20190910,1:05,2
20190910,1:06,2
20190910,1:07,2
20190910,1:08,2
20190910,1:09,2
20190910,1:10,2
20190910,1:11,2
20190910,1:12,2
20190910,1:13,2
20190910,1:14,1
20190910,1:15,1
20190910,1:16,1
20190910,1:17,1
20190910,1:18,1
20190910,1:19,1
20190910,1:20,1
20190910,1:21,1
20190910,1:22,1
20190910,1:23,1
20190910,1:24,2
20190910,1:25,2
20190910,1:26,2
20190910,1:27,2
20190910,1:28,2
20190910,1:29,2
20190910,1:30,2
20190910,1:31,2
20190910,1:32,2
20190910,1:33,2
20190910,1:34,2
20190910,1:35,2
20190910,1:36,2
20190910,1:37,2
20190910,1:38,2
20190910,1:39,2
20190910,1:40,2
20190910,1:41,2
20190910,1:42,2
20190910,1:43,2
20190910,1:44,2
20190910,1:45,2
20190910,1:46,2
20190910,1:47,2
20190910,1:48,2
20190910,1:49,2
20190910,1:50,2
20190910,1:51,2
20190910,1:52,2
20190910,1:53,2
20190910,1:54,2
20190910,1:55,2
20190910,1:56,2
20190910,1:57,2
20190910,1:58,2
20190910,1:59,2
20190910,2:00,2
20190910,2:01,2
20190910,2:02,2
20190910,2:03,2
20190910,2:04,2
20190910,2:05,1
20190910,2:06,1
20190910,2:07,1
20190910,2:08,1
20190910,2:09,1
20190910,2:10,1
20190910,2:11,1
20190910,2:12,1
20190910,2:13,1
20190910,2:14,1
20190910,2:15,1
20190910,2:16,1
20190910,2:17,1
20190910,2:18,1
20190910,2:19,1
20190910,2:20,1
20190910,2:21,1
20190910,2:22,1
20190910,2:23,1
20190910,2:24,1
20190910,2:25,1
20190910,2:26,1
20190910,2:27,1
20190910,2:28,2
20190910,2:29,2
20190910,2:30,2
20190910,2:31,2
20190910,2:32,2
20190910,2:33,2
20190910,2:34,2
20190910,2:35,2
20190910,2:36,2
20190910,2:37,2
20190910,2:38,2
20190910,2:39,2
20190910,2:40,1
20190910,2:41,1
20190910,2:42,1
20190910,2:43,1
20190910,2:44,1
20190910,2:45,1
20190910,2:46,1
20190910,2:47,1
20190910,2:48,1
20190910,2:49,1
20190910,2:50,1
20190910,2:51,2
20190910,2:52,2
20190910,2:53,2
20190910,2:54,2
20190910,2:55,2
20190910,2:56,2
20190910,2:57,2
20190910,2:58,2
20190910,2:59,2
20190910,3:00,2
20190910,3:01,2
20190910,3:02,2
20190910,3:03,2
20190910,3:04,1
20190910,3:05,1
20190910,3:06,1
20190910,3:07,1
20190910,3:08,1
20190910,3:09,1
20190910,3:10,1
20190910,3:11,1
20190910,3:12,1
20190910,3:13,1
20190910,3:14,1
20190910,3:15,1
20190910,3:16,1
20190910,3:17,1
20190910,3:18,1
20190910,3:19,1
20190910,3:20,1
20190910,3:21,1
20190910,3:22,2
20190910,3:23,2
20190910,3:24,2
20190910,3:25,2
20190910,3:26,2
20190910,3:27,2
20190910,3:28,2
20190910,3:29,2
20190910,3:30,2
20190910,3:31,2
20190910,3:32,2
20190910,3:33,2
20190910,3:34,2
20190910,3:35,2
20190910,3:36,2
20190910,3:37,2
20190910,3:38,2
20190910,3:39,2
20190910,3:40,2
20190910,3:41,2
20190910,3:42,1
20190910,3:43,1
20190910,3:44,1
20190910,3:45,1
20190910,3:46,1
20190910,3:47,1
20190910,3:48,1
20190910,3:49,1
20190910,3:50,1
20190910,3:51,1
20190910,3:52,1
20190910,3:53,1
20190910,3:54,1
20190910,3:55,1
20190910,3:56,1
20190910,3:57,1
20190910,3:58,1
20190910,3:59,1
20190910,4:00,1
20190910,4:01,1
20190910,4:02,1
20190910,4:03,1
20190910,4:04,1
20190910,4:05,1
20190910,4:06,1
20190910,4:07,1
20190910,4:08,1
20190910,4:09,2
20190910,4:10,2
20190910,4:11,2
20190910,4:12,2
20190910,4:13,2
20190910,4:14,2
20190910,4:15,2
20190910,4:16,2
20190910,4:17,2
20190910,4:18,2
20190910,4:19,1
20190910,4:20,1
20190910,4:21,1
20190910,4:22,1
20190910,4:23,1
20190910,4:24,1
20190910,4:25,1
20190910,4:26,1
20190910,4:27,1
20190910,4:28,1
20190910,4:29,1
20190910,4:30,1
20190910,4:31,1
20190910,4:32,1
20190910,4:33,1
20190910,4:34,1
20190910,4:35,1
20190910,4:36,1
20190910,4:37,1
20190910,4:38,1
20190910,4:39,1
20190910,4:40,1
20190910,4:41,1
20190910,4:42,1
20190910,4:43,1
20190910,4:44,1
20190910,4:45,1
20190910,4:46,1
20190910,4:47,1
20190910,4:48,1
20190910,4:49,1
20190910,4:50,1
20190910,4:51,1
20190910,4:52,1
20190910,4:53,1
20190910,4:54,1
20190910,4:55,1
20190910,4:56,1
20190910,4:57,1
20190910,4:58,1
20190910,4:59,1
20190910,5:00,1
20190910,5:01,1
20190910,5:02,1
20190910,5:03,1
20190910,5:04,1
20190910,5:05,1
20190910,5:06,1
20190910,5:07,1
20190910,5:08,1
20190910,5:09,1
20190910,5:10,1
20190910,5:11,2
20190910,5:12,2
20190910,5:13,2
20190910,5:14,2
20190910,5:15,2
20190910,5:16,2
20190910,5:17,2
20190910,5:18,2
20190910,5:19,2
20190910,5:20,2
20190910,5:21,2
20190910,5:22,2
20190910,5:23,2
20190910,5:24,2
20190910,5:25,2
20190910,5:26,2
20190910,5:27,2
20190910,5:28,2
20190910,5:29,2
20190910,5:30,2
20190910,5:31,1
20190910,5:32,1
20190910,5:33,1
20190910,5:34,1
20190910,5:35,1
20190910,5:36,1
20190910,5:37,1
20190910,5:38,1
20190910,5:39,1
20190910,5:40,1
20190910,5:41,1
20190910,5:42,1
20190910,5:43,1
20190910,5:44,1
20190910,5:45,1
20190910,5:46,1
20190910,5:47,1
20190910,5:48,1
20190910,5:49,1
20190910,5:50,1
20190910,5:51,1
20190910,5:52,1
20190910,5:53,1
20190910,5:54,1
20190910,5:55,1
20190910,5:56,1
20190910,5:57,1
20190910,5:58,1
20190910,5:59,1
20190910,6:00,1
20190910,6:01,1
20190910,6:02,1
20190910,6:03,1
20190910,6:04,1
20190910,6:05,1
20190911,1:27,1
20190911,1:28,1
20190911,1:29,1
20190911,1:30,1
20190911,1:31,1
20190911,1:32,1
20190911,1:33,1
20190911,1:34,1
20190911,1:35,1
20190911,1:36,1
20190911,1:37,1
20190911,1:38,1
20190911,1:39,1
20190911,1:40,1
20190911,1:41,1
20190911,1:42,1
20190911,1:43,1
20190911,1:44,1
20190911,1:45,1
20190911,1:46,1
20190911,1:47,1
20190911,1:48,1
20190911,1:49,1
20190911,1:50,1
20190911,1:51,1
20190911,1:52,1
20190911,1:53,1
20190911,1:54,1
20190911,1:55,1
20190911,1:56,1
20190911,1:57,1
20190911,1:58,1
20190911,1:59,1
20190911,2:00,1
20190911,2:01,1
20190911,2:02,1
20190911,2:03,1
20190911,2:04,1
20190911,2:05,1
20190911,2:06,1
20190911,2:07,2
20190911,2:08,2
20190911,2:09,2
20190911,2:10,2
20190911,2:11,2
20190911,2:12,2
20190911,2:13,2
20190911,2:14,2
20190911,2:15,2
20190911,2:16,2
20190911,2:17,2
20190911,2:18,2
20190911,2:19,2
20190911,2:20,2
20190911,2:21,2
20190911,2:22,2
20190911,2:23,2
20190911,2:24,2
20190911,2:25,2
20190911,2:26,2
20190911,2:27,2
20190911,2:28,2
20190911,2:29,2
20190911,2:30,2
20190911,2:31,2
20190911,2:32,2
20190911,2:33,2
20190911,2:34,2
20190911,2:35,2
20190911,2:36,1
20190911,2:37,1
20190911,2:38,1
20190911,2:39,1
20190911,2:40,1
20190911,2:41,1
20190911,2:42,1
20190911,2:43,1
20190911,2:44,1
20190911,2:45,1
20190911,2:46,1
20190911,2:47,2
20190911,2:48,2
20190911,2:49,2
20190911,2:50,2
20190911,2:51,2
20190911,2:52,2
20190911,2:53,2
20190911,2:54,2
20190911,2:55,2
20190911,2:56,2
20190911,2:57,2
20190911,2:58,2
20190911,2:59,2
20190911,3:00,2
20190911,3:01,2
20190911,3:02,2
20190911,3:03,2
20190911,3:04,2
20190911,3:05,2
20190911,3:06,1
20190911,3:07,1
20190911,3:08,1
20190911,3:09,1
20190911,3:10,1
20190911,3:11,1
20190911,3:12,1
20190911,3:13,1
20190911,3:14,1
20190911,3:15,1
20190911,3:16,1
20190911,3:17,1
20190911,3:18,1
20190911,3:19,1
20190911,3:20,1
20190911,3:21,1
20190911,3:22,1
20190911,3:23,1
20190911,3:24,1
20190911,3:25,1
20190911,3:26,1
20190911,3:27,1
20190911,3:28,1
20190911,3:29,1
20190911,3:30,1
20190911,3:31,1
20190911,3:32,1
20190911,3:33,1
20190911,3:34,1
20190911,3:35,1
20190911,3:36,1
20190911,3:37,1
20190911,3:38,1
20190911,3:39,1
20190911,3:40,1
20190911,3:41,1
20190911,3:42,1
20190911,3:43,1
20190911,3:44,1
20190911,3:45,1
20190911,3:46,1
20190911,3:47,1
20190911,3:48,1
20190911,3:49,1
20190911,3:50,1
20190911,3:51,1
20190911,3:52,1
20190911,3:53,1
20190911,3:54,1
20190911,3:55,1
20190911,3:56,1
20190911,3:57,1
20190911,3:58,1
20190911,3:59,1
20190911,4:00,1
20190911,4:01,1
20190911,4:02,1
20190911,4:03,1
20190911,4:04,1
20190911,4:05,1
20190911,4:06,1
20190911,4:07,1
20190911,4:08,1
20190911,4:09,1
20190911,4:10,1
20190911,4:11,1
20190911,4:12,1
20190911,4:13,1
20190911,4:14,1
20190911,4:15,1
20190911,4:16,1
20190911,4:17,1
20190911,4:18,1
20190911,4:19,1
20190911,4:20,1
20190911,4:21,2
20190911,4:22,2
20190911,4:23,2
20190911,4:24,2
20190911,4:25,2
20190911,4:26,2
20190911,4:27,2
20190911,4:28,2
20190911,4:29,2
20190911,4:30,2
20190911,4:31,2
20190911,4:32,2
20190911,4:33,2
20190911,4:34,2
20190911,4:35,2
20190911,4:36,2
20190911,4:37,2
20190911,4:38,2
20190911,4:39,2
20190911,4:40,2
20190911,4:41,1
20190911,4:42,1
20190911,4:43,1
20190911,4:44,1
20190911,4:45,1
20190911,4:46,1
20190911,4:47,1
20190911,4:48,1
20190911,4:49,1
20190911,4:50,1
20190911,4:51,1
20190911,4:52,2
20190911,4:53,2
20190911,4:54,2
20190911,4:55,2
20190911,4:56,2
20190911,4:57,2
20190911,4:58,2
20190911,4:59,2
20190911,5:00,2
20190911,5:01,2
20190911,5:02,2
20190911,5:03,2
20190911,5:04,2
20190911,5:05,2
20190911,5:06,2
20190911,5:07,2
20190911,5:08,2
20190911,5:09,2
20190911,5:10,2
20190911,5:11,2
20190911,5:12,2
20190911,5:13,2
20190911,5:14,1
20190911,5:15,1
20190911,5:16,1
20190911,5:17,1
20190911,5:18,1
20190911,5:19,1
20190911,5:20,1
20190911,5:21,1
20190911,5:22,1
20190911,5:23,1
20190911,5:24,2
20190911,5:25,2
20190911,5:26,2
20190911,5:27,2
20190911,5:28,2
20190911,5:29,2
20190911,5:30,2
20190911,5:31,2
20190911,5:32,2
20190911,5:33,2
20190911,5:34,2
20190911,5:35,2
20190911,5:36,2
20190911,5:37,2
20190911,5:38,1
20190911,5:39,1
20190911,5:40,1
20190911,5:41,1
20190911,5:42,1
20190911,5:43,1
20190911,5:44,1
20190911,5:45,1
20190911,5:46,1
20190911,5:47,1
20190911,5:48,1
20190911,5:49,1
20190911,5:50,1
20190911,5:51,1
20190911,5:52,1
20190911,5:53,1
20190911,5:54,1
20190911,5:55,1
20190911,5:56,1
20190911,5:57,1
20190911,5:58,1
20190911,5:59,1
20190911,6:00,1
20190911,6:01,1
20190911,6:02,1
20190911,6:03,1
20190911,6:04,1
20190911,6:05,1
20190911,6:06,1
20190911,6:07,1
20190911,6:08,1
20190911,6:09,1
20190911,6:10,1
20190911,6:11,1
20190911,6:12,1
20190911,6:13,1
20190911,6:14,1
20190911,6:15,1
20190911,6:16,1
20190911,6:17,1
20190911,6:18,1
20190911,6:19,1
20190911,6:20,1
20190911,6:21,1
20190911,6:22,1
20190911,6:23,1
20190911,6:24,1
20190911,6:25,1
20190911,6:26,1
20190911,6:27,1
20190911,6:28,1
20190911,6:29,1
20190911,6:30,1
20190911,6:31,1
20190911,6:32,1
20190911,6:33,1
20190911,6:34,1
20190911,6:35,1
20190911,6:36,1
20190911,6:37,1
20190911,6:38,1
20190911,6:39,1
20190911,6:40,1
20190911,6:41,1
20190911,6:42,1
20190911,6:43,1
20190911,6:44,1
20190911,6:45,1
20190911,6:46,1
20190911,6:47,1
20190911,6:48,1
20190911,6:49,1
20190911,6:50,1
20190911,6:51,1
20190911,6:52,1
20190911,6:53,1
20190911,6:54,1
20190911,6:55,1
20190911,6:56,1
20190911,6:57,1
20190911,6:58,1
20190911,6:59,1
20190911,7:00,1
20190911,7:01,1
20190911,7:02,1
20190911,7:03,1
20190911,7:04,1
20190911,7:05,1
20190911,7:06,1
20190911,7:07,1
20190911,7:08,1
20190911,7:09,1
20190911,7:10,1
20190911,7:11,1
20190911,7:12,1
20190911,7:13,1
20190911,7:14,1
20190911,7:15,1
20190911,7:16,1
20190911,7:17,1
20190911,7:18,1
20190911,7:19,1
20190911,7:20,1
20190911,7:21,1
20190911,7:22,1
20190911,7:23,1
20190911,7:24,1
20190911,7:25,1
20190911,7:26,1
20190911,7:27,1
20190911,7:28,1
20190911,7:29,1
20190911,7:30,1
20190911,7:31,1
20190911,7:32,1
20190911,7:33,1
20190911,7:34,1
20190911,7:35,1
20190911,7:36,1
20190911,7:37,1
20190911,7:38,1
20190911,7:39,1
20190911,7:40,1
20190911,7:41,1
20190911,7:42,1
20190911,7:43,1
20190911,7:44,1
20190911,7:45,1
20190911,7:46,1
20190911,7:47,1
20190911,7:48,1
20190911,7:49,1
20190911,7:50,1
20190911,7:51,1
20190911,7:52,1
20190911,7:53,1
20190911,7:54,1
20190911,7:55,1
20190911,7:56,1
20190911,7:57,1
20190911,7:58,1
20190911,7:59,1
20190911,8:00,1
20190911,8:01,1
20190911,8:02,1
20190911,8:03,1
20190911,8:04,1
20190911,8:05,1
20190911,8:06,1
20190911,8:07,1
20190911,8:08,1
20190911,8:09,1
20190911,8:10,1
20190911,8:11,1
20190911,8:12,1
20190911,8:13,1
20190911,8:14,1
20190911,8:15,1
20190912,2:40,1
20190912,2:41,1
20190912,2:42,1
20190912,2:43,1
20190912,2:44,1
20190912,2:45,1
20190912,2:46,1
20190912,2:47,1
20190912,2:48,1
20190912,2:49,1
20190912,2:50,1
20190912,2:51,2
20190912,2:52,2
20190912,2:53,2
20190912,2:54,2
20190912,2:55,2
20190912,2:56,2
20190912,2:57,2
20190912,2:58,2
20190912,2:59,2
20190912,3:00,2
20190912,3:01,2
20190912,3:02,2
20190912,3:03,2
20190912,3:04,2
20190912,3:05,2
20190912,3:06,2
20190912,3:07,2
20190912,3:08,2
20190912,3:09,2
20190912,3:10,2
20190912,3:11,2
20190912,3:12,2
20190912,3:13,2
20190912,3:14,2
20190912,3:15,2
20190912,3:16,2
20190912,3:17,2
20190912,3:18,2
20190912,3:19,2
20190912,3:20,2
20190912,3:21,2
20190912,3:22,2
20190912,3:23,2
20190912,3:24,2
20190912,3:25,2
20190912,3:26,2
20190912,3:27,2
20190912,3:28,2
20190912,3:29,2
20190912,3:30,2
20190912,3:31,2
20190912,3:32,2
20190912,3:33,2
20190912,3:34,2
20190912,3:35,1
20190912,3:36,1
20190912,3:37,1
20190912,3:38,1
20190912,3:39,1
20190912,3:40,1
20190912,3:41,1
20190912,3:42,1
20190912,3:43,1
20190912,3:44,1
20190912,3:45,2
20190912,3:46,2
20190912,3:47,2
20190912,3:48,2
20190912,3:49,2
20190912,3:50,2
20190912,3:51,2
20190912,3:52,2
20190912,3:53,2
20190912,3:54,2
20190912,3:55,2
20190912,3:56,2
20190912,3:57,2
20190912,3:58,2
20190912,3:59,2
20190912,4:00,2
20190912,4:01,2
20190912,4:02,2
20190912,4:03,2
20190912,4:04,2
20190912,4:05,2
20190912,4:06,2
20190912,4:07,2
20190912,4:08,2
20190912,4:09,2
20190912,4:10,2
20190912,4:11,2
20190912,4:12,2
20190912,4:13,2
20190912,4:14,2
20190912,4:15,2
20190912,4:16,2
20190912,4:17,2
20190912,4:18,2
20190912,4:19,2
20190912,4:20,2
20190912,4:21,2
20190912,4:22,2
20190912,4:23,2
20190912,4:24,2
20190912,4:25,2
20190912,4:26,2
20190912,4:27,2
20190912,4:28,2
20190912,4:29,2
20190912,4:30,2
20190912,4:31,2
20190912,4:32,2
20190912,4:33,2
20190912,4:34,2
20190912,4:35,2
20190912,4:36,1
20190912,4:37,1
20190912,4:38,1
20190912,4:39,1
20190912,4:40,1
20190912,4:41,1
20190912,4:42,1
20190912,4:43,1
20190912,4:44,1
20190912,4:45,1
20190912,4:46,2
20190912,4:47,2
20190912,4:48,2
20190912,4:49,2
20190912,4:50,2
20190912,4:51,2
20190912,4:52,2
20190912,4:53,2
20190912,4:54,2
20190912,4:55,2
20190912,4:56,2
20190912,4:57,2
20190912,4:58,1
20190912,4:59,1
20190912,5:00,1
20190912,5:01,1
20190912,5:02,1
20190912,5:03,1
20190912,5:04,1
20190912,5:05,1
20190912,5:06,1
20190912,5:07,1
20190912,5:08,1
20190912,5:09,1
20190912,5:10,1
20190912,5:11,1
20190912,5:12,1
20190912,5:13,1
20190912,5:14,1
20190912,5:15,1
20190912,5:16,1
20190912,5:17,1
20190912,5:18,1
20190912,5:19,1
20190912,5:20,1
20190912,5:21,1
20190912,5:22,2
20190912,5:23,2
20190912,5:24,2
20190912,5:25,2
20190912,5:26,2
20190912,5:27,2
20190912,5:28,2
20190912,5:29,2
20190912,5:30,2
20190912,5:31,2
20190912,5:32,2
20190912,5:33,2
20190912,5:34,2
20190912,5:35,2
20190912,5:36,1
20190912,5:37,1
20190912,5:38,1
20190912,5:39,1
20190912,5:40,1
20190912,5:41,1
20190912,5:42,1
20190912,5:43,1
20190912,5:44,1
20190912,5:45,1
20190912,5:46,2
20190912,5:47,2
20190912,5:48,2
20190912,5:49,2
20190912,5:50,2
20190912,5:51,2
20190912,5:52,2
20190912,5:53,2
20190912,5:54,2
20190912,5:55,2
20190912,5:56,1
20190912,5:57,1
20190912,5:58,1
20190912,5:59,1
20190912,6:00,1
20190912,6:01,1
20190912,6:02,1
20190912,6:03,1
20190912,6:04,1
20190912,6:05,1
20190912,6:06,1
20190912,6:07,1
20190912,6:08,1
20190912,6:09,1
20190912,6:10,1
20190912,6:11,1
20190912,6:12,2
20190912,6:13,2
20190912,6:14,2
20190912,6:15,2
20190912,6:16,2
20190912,6:17,2
20190912,6:18,2
20190912,6:19,2
20190912,6:20,2
20190912,6:21,2
20190912,6:22,2
20190912,6:23,2
20190912,6:24,2
20190912,6:25,2
20190912,6:26,2
20190912,6:27,2
20190912,6:28,2
20190912,6:29,2
20190912,6:30,2
20190912,6:31,2
20190912,6:32,2
20190912,6:33,2
20190912,6:34,2
20190912,6:35,2
20190912,6:36,2
20190912,6:37,2
20190912,6:38,2
20190912,6:39,2
20190912,6:40,2
20190912,6:41,1
20190912,6:42,1
20190912,6:43,1
20190912,6:44,1
20190912,6:45,1
20190912,6:46,1
20190912,6:47,1
20190912,6:48,1
20190912,6:49,1
20190912,6:50,1
20190912,6:51,1
20190912,6:52,1
20190912,6:53,1
20190912,6:54,1
